Variable:,measure_id,measure_name,location_id,location_name,sex_id,sex_label,age_group_id,age_group_name,cause_id,cause_name,rei_id,rei_name,metric_id,metric_name,year_id,val,upper,lower
Label:,Measure ID,Measure Name,Location ID,Location Name,Sex ID,Sex,Age Group ID,Age Group Name,Cause ID,Cause Name,REI ID,REI Name,Metric ID,Metric Name,Year ID,Value,95% Uncertainty Interval - Upper Bound,95% Uncertainty Interval - Lower Bound
Value coding:,1,Deaths,1,Global,Sex ID,Sex,1,Under 5,294,All causes,169,All risk factors,1,Number,1990,,,
,2,DALYs (Disability-Adjusted Life Years),44637,Low SDI,1,Male,2,Early Neonatal,295,"Communicable, maternal, neonatal, and nutritional diseases",202,Environmental/occupational risks,2,Percent,1991,,,
,3,YLDs (Years Lived with Disability),44636,Low-middle SDI,2,Female,3,Late Neonatal,955,HIV/AIDS and sexually transmitted infections,203,Behavioral risks,3,Rate,1992,,,
,4,YLLs (Years of Life Lost),44639,Middle SDI,3,Both,4,Post Neonatal,298,HIV/AIDS,104,Metabolic risks,5,Years,1993,,,
,5,Prevalence,44634,High-middle SDI,,,5,1 to 4,948,HIV/AIDS - Drug-susceptible Tuberculosis,171,Etiologies,,,1994,,,
,6,Incidence,44635,High SDI,,,6,5 to 9,949,HIV/AIDS - Multidrug-resistant Tuberculosis without extensive drug resistance,191,Impairments,,,1995,,,
,25,Maternal mortality ratio,31,"Central Europe, Eastern Europe, and Central Asia",,,7,10 to 14,950,HIV/AIDS - Extensively drug-resistant Tuberculosis,362,Injuries,,,1996,,,
,26,Life expectancy,32,Central Asia,,,8,15 to 19,300,HIV/AIDS resulting in other diseases,82,"Unsafe water, sanitation, and handwashing",,,1997,,,
,28,HALE (Healthy life expectancy),33,Armenia,,,9,20 to 24,393,Sexually transmitted infections excluding HIV,83,Unsafe water source,,,1998,,,
,29,Summary exposure value,34,Azerbaijan,,,10,25 to 29,394,Syphilis,84,Unsafe sanitation,,,1999,,,
,,,35,Georgia,,,11,30 to 34,395,Chlamydial infection,238,No access to handwashing facility,,,2000,,,
,,,36,Kazakhstan,,,12,35 to 39,396,Gonococcal infection,85,Air pollution,,,2001,,,
,,,37,Kyrgyzstan,,,13,40 to 44,397,Trichomoniasis,380,Particulate matter pollution,,,2002,,,
,,,38,Mongolia,,,14,45 to 49,398,Genital herpes,86,Ambient particulate matter pollution,,,2003,,,
,,,39,Tajikistan,,,15,50 to 54,399,Other sexually transmitted infections,87,Household air pollution from solid fuels,,,2004,,,
,,,40,Turkmenistan,,,16,55 to 59,956,Respiratory infections and tuberculosis,88,Ambient ozone pollution,,,2005,,,
,,,41,Uzbekistan,,,17,60 to 64,297,Tuberculosis,331,Suboptimal temperature,,,2006,,,
,,,42,Central Europe,,,18,65 to 69,954,Latent tuberculosis infection,337,High temperature,,,2007,,,
,,,43,Albania,,,19,70 to 74,934,Drug-susceptible tuberculosis,338,Low temperature,,,2008,,,
,,,44,Bosnia and Herzegovina,,,20,75 to 79,946,Multidrug-resistant tuberculosis without extensive drug resistance,89,Other environmental risks,,,2009,,,
,,,45,Bulgaria,,,21,80 plus,947,Extensively drug-resistant tuberculosis,90,Residential radon,,,2010,,,
,,,46,Croatia,,,22,All Ages,322,Lower respiratory infections,91,Lead exposure,,,2011,,,
,,,47,Czechia,,,23,5-14 years,328,Upper respiratory infections,126,Occupational risks,,,2012,,,
,,,48,Hungary,,,24,15-49 years,329,Otitis media,127,Occupational carcinogens,,,2013,,,
,,,50,Montenegro,,,25,50-69 years,957,Enteric infections,150,Occupational exposure to asbestos,,,2014,,,
,,,49,North Macedonia,,,26,70+ years,302,Diarrheal diseases,151,Occupational exposure to arsenic,,,2015,,,
,,,51,Poland,,,27,Age-standardized,958,Typhoid and paratyphoid,152,Occupational exposure to benzene,,,2016,,,
,,,52,Romania,,,28,<1 year,319,Typhoid fever,153,Occupational exposure to beryllium,,,2017,,,
,,,53,Serbia,,,30,80 to 84,320,Paratyphoid fever,154,Occupational exposure to cadmium,,,2018,,,
,,,54,Slovakia,,,31,85 to 89,959,Invasive Non-typhoidal Salmonella (iNTS),155,Occupational exposure to chromium,,,2019,,,
,,,55,Slovenia,,,32,90 to 94,321,Other intestinal infectious diseases,156,Occupational exposure to diesel engine exhaust,,,,,,
,,,56,Eastern Europe,,,37,20 plus,344,Neglected tropical diseases and malaria,158,Occupational exposure to formaldehyde,,,,,,
,,,57,Belarus,,,39,0 to 14,345,Malaria,159,Occupational exposure to nickel,,,,,,
,,,58,Estonia,,,41,50 to 74 years,346,Chagas disease,160,Occupational exposure to polycyclic aromatic hydrocarbons,,,,,,
,,,59,Latvia,,,42,Neonatal,347,Leishmaniasis,161,Occupational exposure to silica,,,,,,
,,,60,Lithuania,,,157,25 plus,348,Visceral leishmaniasis,162,Occupational exposure to sulfuric acid,,,,,,
,,,61,Republic of Moldova,,,158,<20 years,349,Cutaneous and mucocutaneous leishmaniasis,237,Occupational exposure to trichloroethylene,,,,,,
,,,62,Russian Federation,,,159,10 to 24,350,African trypanosomiasis,128,Occupational asthmagens,,,,,,
,,,63,Ukraine,,,160,85 plus,351,Schistosomiasis,129,"Occupational particulate matter, gases, and fumes",,,,,,
,,,64,High-income,,,164,Birth,352,Cysticercosis,130,Occupational noise,,,,,,
,,,70,Australasia,,,169,10 to 54,353,Cystic echinococcosis,131,Occupational injuries,,,,,,
,,,71,Australia,,,172,0 to 9,354,Lymphatic filariasis,132,Occupational ergonomic factors,,,,,,
,,,72,New Zealand,,,188,5 to 19,355,Onchocerciasis,92,Child and maternal malnutrition,,,,,,
,,,65,High-income Asia Pacific,,,197,15 to 39,356,Trachoma,93,Suboptimal breastfeeding,,,,,,
,,,66,Brunei Darussalam,,,206,25 to 49,357,Dengue,136,Non-exclusive breastfeeding,,,,,,
,,,67,Japan,,,228,55 plus,358,Yellow fever,137,Discontinued breastfeeding,,,,,,
,,,35446,Aichi,,,230,60 to 79,359,Rabies,239,Child growth failure,,,,,,
,,,35428,Akita,,,232,65 to 74,360,Intestinal nematode infections,94,Child underweight,,,,,,
,,,35425,Aomori,,,234,75 plus,361,Ascariasis,240,Child wasting,,,,,,
,,,35435,Chiba,,,235,95 plus,362,Trichuriasis,241,Child stunting,,,,,,
,,,35461,Ehime,,,243,75 to 84,363,Hookworm disease,339,Low birth weight and short gestation,,,,,,
,,,35441,Fukui,,,284,20 to 54 years,364,Food-borne trematodiases,334,Short gestation,,,,,,
,,,35463,Fukuoka,,,285,55 to 89 years,405,Leprosy,335,Low birth weight,,,,,,
,,,35430,Fukushima,,,286,60 to 89 years,843,Ebola,95,Iron deficiency,,,,,,
,,,35444,Gifu,,,287,65 to 89 years,935,Zika virus,96,Vitamin A deficiency,,,,,,
,,,35433,Gunma,,,288,70 to 89 years,936,Guinea worm disease,97,Zinc deficiency,,,,,,
,,,35457,Hiroshima,,,289,75 to 94 years,365,Other neglected tropical diseases,98,Tobacco,,,,,,
,,,35424,Hokkaid?,,,420,<70 years,961,Other infectious diseases,99,Smoking,,,,,,
,,,35451,Hy?go,,,,,332,Meningitis,332,Chewing tobacco,,,,,,
,,,35431,Ibaraki,,,,,337,Encephalitis,100,Secondhand smoke,,,,,,
,,,35440,Ishikawa,,,,,338,Diphtheria,102,Alcohol use,,,,,,
,,,35426,Iwate,,,,,339,Whooping cough,103,Drug use,,,,,,
,,,35460,Kagawa,,,,,340,Tetanus,110,Dietary risks,,,,,,
,,,35469,Kagoshima,,,,,341,Measles,111,Diet low in fruits,,,,,,
,,,35437,Kanagawa,,,,,342,Varicella and herpes zoster,112,Diet low in vegetables,,,,,,
,,,35462,K?chi,,,,,400,Acute hepatitis,333,Diet low in legumes,,,,,,
,,,35466,Kumamoto,,,,,401,Acute hepatitis A,113,Diet low in whole grains,,,,,,
,,,35449,Ky?to,,,,,402,Acute hepatitis B,114,Diet low in nuts and seeds,,,,,,
,,,35447,Mie,,,,,403,Acute hepatitis C,115,Diet low in milk,,,,,,
,,,35427,Miyagi,,,,,404,Acute hepatitis E,116,Diet high in red meat,,,,,,
,,,35468,Miyazaki,,,,,408,Other unspecified infectious diseases,117,Diet high in processed meat,,,,,,
,,,35443,Nagano,,,,,962,Maternal and neonatal disorders,118,Diet high in sugar-sweetened beverages,,,,,,
,,,35465,Nagasaki,,,,,366,Maternal disorders,119,Diet low in fiber,,,,,,
,,,35452,Nara,,,,,367,Maternal hemorrhage,147,Diet low in calcium,,,,,,
,,,35438,Niigata,,,,,368,Maternal sepsis and other maternal infections,121,Diet low in seafood omega-3 fatty acids,,,,,,
,,,35467,?ita,,,,,369,Maternal hypertensive disorders,122,Diet low in polyunsaturated fatty acids,,,,,,
,,,35456,Okayama,,,,,370,Maternal obstructed labor and uterine rupture,123,Diet high in trans fatty acids,,,,,,
,,,35470,Okinawa,,,,,995,Maternal abortion and miscarriage,124,Diet high in sodium,,,,,,
,,,35450,?saka,,,,,374,Ectopic pregnancy,135,Intimate partner violence,,,,,,
,,,35464,Saga,,,,,375,Indirect maternal deaths,381,Childhood sexual abuse and bullying,,,,,,
,,,35434,Saitama,,,,,376,Late maternal deaths,134,Childhood sexual abuse,,,,,,
,,,35448,Shiga,,,,,741,Maternal deaths aggravated by HIV/AIDS,363,Bullying victimization,,,,,,
,,,35455,Shimane,,,,,379,Other maternal disorders,170,Unsafe sex,,,,,,
,,,35445,Shizuoka,,,,,380,Neonatal disorders,125,Low physical activity,,,,,,
,,,35432,Tochigi,,,,,381,Neonatal preterm birth,105,High fasting plasma glucose,,,,,,
,,,35459,Tokushima,,,,,382,Neonatal encephalopathy due to birth asphyxia and trauma,367,High LDL cholesterol,,,,,,
,,,35436,T?ky?,,,,,383,Neonatal sepsis and other neonatal infections,107,High systolic blood pressure,,,,,,
,,,35454,Tottori,,,,,384,Hemolytic disease and other neonatal jaundice,108,High body-mass index,,,,,,
,,,35439,Toyama,,,,,385,Other neonatal disorders,109,Low bone mineral density,,,,,,
,,,35453,Wakayama,,,,,386,Nutritional deficiencies,341,Impaired kidney function,,,,,,
,,,35429,Yamagata,,,,,387,Protein-energy malnutrition,173,Cholera,,,,,,
,,,35458,Yamaguchi,,,,,388,Iodine deficiency,174,Non-typhoidal Salmonella,,,,,,
,,,35442,Yamanashi,,,,,389,Vitamin A deficiency,175,Shigella,,,,,,
,,,68,Republic of Korea,,,,,390,Dietary iron deficiency,176,Enteropathogenic E coli,,,,,,
,,,69,Singapore,,,,,391,Other nutritional deficiencies,177,Enterotoxigenic E coli,,,,,,
,,,100,High-income North America,,,,,409,Non-communicable diseases,178,Campylobacter,,,,,,
,,,101,Canada,,,,,410,Neoplasms,179,Entamoeba,,,,,,
,,,349,Greenland,,,,,444,Lip and oral cavity cancer,180,Cryptosporidium,,,,,,
,,,102,United States of America,,,,,447,Nasopharynx cancer,181,Rotavirus,,,,,,
,,,523,Alabama,,,,,450,Other pharynx cancer,182,Aeromonas,,,,,,
,,,524,Alaska,,,,,411,Esophageal cancer,183,Clostridium difficile,,,,,,
,,,525,Arizona,,,,,414,Stomach cancer,184,Norovirus,,,,,,
,,,526,Arkansas,,,,,441,Colon and rectum cancer,185,Adenovirus,,,,,,
,,,527,California,,,,,417,Liver cancer,187,Influenza,,,,,,
,,,528,Colorado,,,,,418,Liver cancer due to hepatitis B,188,Pneumococcus,,,,,,
,,,529,Connecticut,,,,,419,Liver cancer due to hepatitis C,189,H influenzae type B,,,,,,
,,,530,Delaware,,,,,420,Liver cancer due to alcohol use,190,Respiratory syncytial virus,,,,,,
,,,531,District of Columbia,,,,,996,Liver cancer due to NASH,386,Meningococcal meningitis,,,,,,
,,,532,Florida,,,,,1021,Liver cancer due to other causes,192,Anemia,,,,,,
,,,533,Georgia,,,,,453,Gallbladder and biliary tract cancer,205,Mild anemia,,,,,,
,,,534,Hawaii,,,,,456,Pancreatic cancer,206,Moderate anemia,,,,,,
,,,535,Idaho,,,,,423,Larynx cancer,207,Severe anemia,,,,,,
,,,536,Illinois,,,,,426,"Tracheal, bronchus, and lung cancer",193,Epilepsy,,,,,,
,,,537,Indiana,,,,,459,Malignant skin melanoma,208,Treated epilepsy,,,,,,
,,,538,Iowa,,,,,462,Non-melanoma skin cancer,209,Moderate epilepsy,,,,,,
,,,539,Kansas,,,,,849,Non-melanoma skin cancer (squamous-cell carcinoma),210,Severe epilepsy,,,,,,
,,,540,Kentucky,,,,,850,Non-melanoma skin cancer (basal-cell carcinoma),194,Guillain-Barré syndrome,,,,,,
,,,541,Louisiana,,,,,429,Breast cancer,195,Hearing loss,,,,,,
,,,542,Maine,,,,,432,Cervical cancer,211,Mild hearing loss,,,,,,
,,,543,Maryland,,,,,435,Uterine cancer,212,Moderate hearing loss,,,,,,
,,,544,Massachusetts,,,,,465,Ovarian cancer,213,Moderately severe hearing loss,,,,,,
,,,545,Michigan,,,,,438,Prostate cancer,214,Severe hearing loss,,,,,,
,,,546,Minnesota,,,,,468,Testicular cancer,215,Profound hearing loss,,,,,,
,,,547,Mississippi,,,,,471,Kidney cancer,216,Complete hearing loss,,,,,,
,,,548,Missouri,,,,,474,Bladder cancer,196,Heart failure,,,,,,
,,,549,Montana,,,,,477,Brain and central nervous system cancer,217,Mild heart failure,,,,,,
,,,550,Nebraska,,,,,480,Thyroid cancer,218,Moderate heart failure,,,,,,
,,,551,Nevada,,,,,483,Mesothelioma,219,Severe heart failure,,,,,,
,,,552,New Hampshire,,,,,484,Hodgkin lymphoma,379,Treated heart failure,,,,,,
,,,553,New Jersey,,,,,485,Non-Hodgkin lymphoma,198,Infertility,,,,,,
,,,554,New Mexico,,,,,486,Multiple myeloma,220,Primary infertility,,,,,,
,,,555,New York,,,,,487,Leukemia,221,Secondary infertility,,,,,,
,,,556,North Carolina,,,,,845,Acute lymphoid leukemia,197,Developmental intellectual disability,,,,,,
,,,557,North Dakota,,,,,846,Chronic lymphoid leukemia,236,Borderline intellectual disability,,,,,,
,,,558,Ohio,,,,,847,Acute myeloid leukemia,222,Mild intellectual disability,,,,,,
,,,559,Oklahoma,,,,,848,Chronic myeloid leukemia,223,Moderate intellectual disability,,,,,,
,,,560,Oregon,,,,,943,Other leukemia,224,Severe intellectual disability,,,,,,
,,,561,Pennsylvania,,,,,1022,Other malignant neoplasms,225,Profound intellectual disability,,,,,,
,,,562,Rhode Island,,,,,490,Other neoplasms,199,Pelvic inflammatory disease,,,,,,
,,,563,South Carolina,,,,,964,"Myelodysplastic, myeloproliferative, and other hematopoietic neoplasms",226,Moderate pelvic inflammatory disease,,,,,,
,,,564,South Dakota,,,,,965,Benign and in situ intestinal neoplasms,227,Severe pelvic inflammatory disease,,,,,,
,,,565,Tennessee,,,,,966,Benign and in situ cervical and uterine neoplasms,200,Blindness and vision loss,,,,,,
,,,566,Texas,,,,,967,Other benign and in situ neoplasms,229,Moderate vision loss,,,,,,
,,,567,Utah,,,,,491,Cardiovascular diseases,230,Severe vision loss,,,,,,
,,,568,Vermont,,,,,492,Rheumatic heart disease,231,Blindness,,,,,,
,,,569,Virginia,,,,,493,Ischemic heart disease,233,Presbyopia,,,,,,
,,,570,Washington,,,,,494,Stroke,298,Amputations,,,,,,
,,,571,West Virginia,,,,,495,Ischemic stroke,250,"Amputation of lower limbs, bilateral",,,,,,
,,,572,Wisconsin,,,,,496,Intracerebral hemorrhage,261,"Amputation of upper limbs, bilateral",,,,,,
,,,573,Wyoming,,,,,497,Subarachnoid hemorrhage,272,Amputation of fingers (excluding thumb),,,,,,
,,,96,Southern Latin America,,,,,498,Hypertensive heart disease,283,"Amputation of lower limb, unilateral",,,,,,
,,,97,Argentina,,,,,504,Non-rheumatic valvular heart disease,293,"Amputation of upper limb, unilateral",,,,,,
,,,98,Chile,,,,,968,Non-rheumatic calcific aortic valve disease,294,Amputation of thumb,,,,,,
,,,99,Uruguay,,,,,969,Non-rheumatic degenerative mitral valve disease,295,Amputation of toe/toes,,,,,,
,,,73,Western Europe,,,,,970,Other non-rheumatic valve diseases,299,Burns,,,,,,
,,,74,Andorra,,,,,499,Cardiomyopathy and myocarditis,251,Lower airway burns,,,,,,
,,,75,Austria,,,,,942,Myocarditis,296,"Burns, <20% total burned surface area without lower airway burns",,,,,,
,,,76,Belgium,,,,,938,Alcoholic cardiomyopathy,297,"Burns, >=20% total burned surface area or >= 10% burned surface area if head/neck or hands/wrist involved w/o lower airway burns",,,,,,
,,,77,Cyprus,,,,,944,Other cardiomyopathy,300,Fractures,,,,,,
,,,78,Denmark,,,,,500,Atrial fibrillation and flutter,256,"Fracture of clavicle, scapula, or humerus",,,,,,
,,,79,Finland,,,,,501,Aortic aneurysm,257,Fracture of face bones,,,,,,
,,,80,France,,,,,502,Peripheral artery disease,258,Fracture of foot bones except ankle,,,,,,
,,,81,Germany,,,,,503,Endocarditis,259,Fracture of hand (wrist and other distal part of hand),,,,,,
,,,82,Greece,,,,,1023,Other cardiovascular and circulatory diseases,260,Fracture of hip,,,,,,
,,,83,Iceland,,,,,508,Chronic respiratory diseases,262,"Fracture of patella, tibia or fibula, or ankle",,,,,,
,,,84,Ireland,,,,,509,Chronic obstructive pulmonary disease,263,Fracture of pelvis,,,,,,
,,,85,Israel,,,,,510,Pneumoconiosis,264,Fracture of radius and/or ulna,,,,,,
,,,86,Italy,,,,,511,Silicosis,265,Fracture of skull,,,,,,
,,,87,Luxembourg,,,,,512,Asbestosis,266,Fracture of sternum and/or fracture of one or more ribs,,,,,,
,,,88,Malta,,,,,513,Coal workers pneumoconiosis,267,Fracture of vertebral column,,,,,,
,,,367,Monaco,,,,,514,Other pneumoconiosis,268,"Fracture of femur, other than femoral neck",,,,,,
,,,89,Netherlands,,,,,515,Asthma,301,Head Injuries,,,,,,
,,,90,Norway,,,,,516,Interstitial lung disease and pulmonary sarcoidosis,269,Minor TBI,,,,,,
,,,60133,Agder,,,,,520,Other chronic respiratory diseases,270,Moderate/Severe TBI,,,,,,
,,,60135,Innlandet,,,,,526,Digestive diseases,302,Spinal Injuries,,,,,,
,,,4923,M�re og Romsdal,,,,,521,Cirrhosis and other chronic liver diseases,276,Spinal cord lesion at neck level,,,,,,
,,,4926,Nordland,,,,,522,Cirrhosis and other chronic liver diseases due to hepatitis B,277,Spinal cord lesion below neck level,,,,,,
,,,4910,Oslo,,,,,523,Cirrhosis and other chronic liver diseases due to hepatitis C,303,Minor Injuries,,,,,,
,,,4920,Rogaland,,,,,524,Cirrhosis and other chronic liver diseases due to alcohol use,255,"Muscle and tendon injuries, including sprains and strains lesser dislocations",,,,,,
,,,60137,Troms og Finnmark,,,,,971,Cirrhosis and other chronic liver diseases due to NAFLD,273,Foreign body in ear,,,,,,
,,,53432,Tr�ndelag,,,,,525,Cirrhosis and other chronic liver diseases due to other causes,284,Open wound(s),,,,,,
,,,60134,Vestfold og Telemark,,,,,992,Upper digestive system diseases,288,Contusion in any part of the body,,,,,,
,,,60132,Vestland,,,,,527,Peptic ulcer disease,291,Superficial injury of any part of the body,,,,,,
,,,60136,Viken,,,,,528,Gastritis and duodenitis,304,Other Injuries,,,,,,
,,,91,Portugal,,,,,536,Gastroesophageal reflux disease,252,Dislocation of hip,,,,,,
,,,396,San Marino,,,,,529,Appendicitis,253,Dislocation of knee,,,,,,
,,,92,Spain,,,,,530,Paralytic ileus and intestinal obstruction,254,Dislocation of shoulder,,,,,,
,,,93,Sweden,,,,,531,"Inguinal, femoral, and abdominal hernia",274,Foreign body in respiratory system,,,,,,
,,,4944,Stockholm,,,,,532,Inflammatory bowel disease,275,Foreign body in GI and urogenital system,,,,,,
,,,4940,Sweden except Stockholm,,,,,533,Vascular intestinal disorders,278,Drowning and nonfatal submersion,,,,,,
,,,94,Switzerland,,,,,534,Gallbladder and biliary diseases,279,Asphyxiation,,,,,,
,,,95,United Kingdom,,,,,535,Pancreatitis,280,Crush injury,,,,,,
,,,4749,England,,,,,541,Other digestive diseases,281,Nerve injury,,,,,,
,,,4621,East Midlands,,,,,542,Neurological disorders,282,Injury to eyes,,,,,,
,,,44697,Derby,,,,,543,Alzheimer's disease and other dementias,285,Poisoning requiring urgent care,,,,,,
,,,44698,Derbyshire,,,,,544,Parkinson's disease,286,Severe chest Injury,,,,,,
,,,44701,Leicester,,,,,545,Idiopathic epilepsy,287,Internal hemorrhage in abdomen and pelvis,,,,,,
,,,44694,Leicestershire,,,,,546,Multiple sclerosis,289,Effect of different environmental factors,,,,,,
,,,44695,Lincolnshire,,,,,554,Motor neuron disease,290,Complications following therapeutic procedures,,,,,,
,,,44693,Northamptonshire,,,,,972,Headache disorders,292,"Multiple fractures, dislocations, crashes, wounds, pains, and strains",,,,,,
,,,44700,Nottingham,,,,,547,Migraine,,,,,,,,
,,,44699,Nottinghamshire,,,,,548,Tension-type headache,,,,,,,,
,,,44696,Rutland,,,,,557,Other neurological disorders,,,,,,,,
,,,4623,East of England,,,,,558,Mental disorders,,,,,,,,
,,,44716,Bedford,,,,,559,Schizophrenia,,,,,,,,
,,,44721,Cambridgeshire,,,,,567,Depressive disorders,,,,,,,,
,,,44717,Central Bedfordshire,,,,,568,Major depressive disorder,,,,,,,,
,,,44720,Essex,,,,,569,Dysthymia,,,,,,,,
,,,44719,Hertfordshire,,,,,570,Bipolar disorder,,,,,,,,
,,,44726,Luton,,,,,571,Anxiety disorders,,,,,,,,
,,,44723,Norfolk,,,,,572,Eating disorders,,,,,,,,
,,,44725,Peterborough,,,,,573,Anorexia nervosa,,,,,,,,
,,,44724,Southend-on-Sea,,,,,574,Bulimia nervosa,,,,,,,,
,,,44718,Suffolk,,,,,575,Autism spectrum disorders,,,,,,,,
,,,44722,Thurrock,,,,,578,Attention-deficit/hyperactivity disorder,,,,,,,,
,,,4624,Greater London,,,,,579,Conduct disorder,,,,,,,,
,,,44754,Barking and Dagenham,,,,,582,Idiopathic developmental intellectual disability,,,,,,,,
,,,44729,Barnet,,,,,585,Other mental disorders,,,,,,,,
,,,44732,Bexley,,,,,973,Substance use disorders,,,,,,,,
,,,44735,Brent,,,,,560,Alcohol use disorders,,,,,,,,
,,,44731,Bromley,,,,,561,Drug use disorders,,,,,,,,
,,,44748,Camden,,,,,562,Opioid use disorders,,,,,,,,
,,,44742,Croydon,,,,,563,Cocaine use disorders,,,,,,,,
,,,44744,Ealing,,,,,564,Amphetamine use disorders,,,,,,,,
,,,44741,Enfield,,,,,565,Cannabis use disorders,,,,,,,,
,,,44745,Greenwich,,,,,566,Other drug use disorders,,,,,,,,
,,,44756,Hackney,,,,,974,Diabetes and kidney diseases,,,,,,,,
,,,44743,Hammersmith and Fulham,,,,,587,Diabetes mellitus,,,,,,,,
,,,44755,Haringey,,,,,975,Diabetes mellitus type 1,,,,,,,,
,,,44740,Harrow,,,,,976,Diabetes mellitus type 2,,,,,,,,
,,,44737,Havering,,,,,589,Chronic kidney disease,,,,,,,,
,,,44736,Hillingdon,,,,,997,Chronic kidney disease due to diabetes mellitus type 1,,,,,,,,
,,,44751,Hounslow,,,,,998,Chronic kidney disease due to diabetes mellitus type 2,,,,,,,,
,,,44757,Islington,,,,,591,Chronic kidney disease due to hypertension,,,,,,,,
,,,44728,Kensington and Chelsea,,,,,592,Chronic kidney disease due to glomerulonephritis,,,,,,,,
,,,44738,Kingston upon Thames,,,,,593,Chronic kidney disease due to other and unspecified causes,,,,,,,,
,,,44749,Lambeth,,,,,588,Acute glomerulonephritis,,,,,,,,
,,,44750,Lewisham,,,,,653,Skin and subcutaneous diseases,,,,,,,,
,,,44734,Merton,,,,,654,Dermatitis,,,,,,,,
,,,44753,Newham,,,,,977,Atopic dermatitis,,,,,,,,
,,,44733,Redbridge,,,,,978,Contact dermatitis,,,,,,,,
,,,44727,Richmond upon Thames,,,,,979,Seborrhoeic dermatitis,,,,,,,,
,,,44752,Southwark,,,,,655,Psoriasis,,,,,,,,
,,,44739,Sutton,,,,,980,Bacterial skin diseases,,,,,,,,
,,,44758,Tower Hamlets,,,,,656,Cellulitis,,,,,,,,
,,,44747,Waltham Forest,,,,,657,Pyoderma,,,,,,,,
,,,44746,Wandsworth,,,,,658,Scabies,,,,,,,,
,,,44730,Westminster,,,,,659,Fungal skin diseases,,,,,,,,
,,,4618,North East England,,,,,660,Viral skin diseases,,,,,,,,
,,,44649,County Durham,,,,,661,Acne vulgaris,,,,,,,,
,,,44643,Darlington,,,,,662,Alopecia areata,,,,,,,,
,,,44650,Gateshead,,,,,663,Pruritus,,,,,,,,
,,,44654,Hartlepool,,,,,664,Urticaria,,,,,,,,
,,,44651,Middlesbrough,,,,,665,Decubitus ulcer,,,,,,,,
,,,44646,Newcastle upon Tyne,,,,,668,Other skin and subcutaneous diseases,,,,,,,,
,,,44647,North Tyneside,,,,,669,Sense organ diseases,,,,,,,,
,,,44644,Northumberland,,,,,981,Blindness and vision loss,,,,,,,,
,,,44648,Redcar and Cleveland,,,,,670,Glaucoma,,,,,,,,
,,,44652,South Tyneside,,,,,671,Cataract,,,,,,,,
,,,44645,Stockton-on-Tees,,,,,672,Age-related macular degeneration,,,,,,,,
,,,44653,Sunderland,,,,,999,Refraction disorders,,,,,,,,
,,,4619,North West England,,,,,1000,Near vision loss,,,,,,,,
,,,44674,Blackburn with Darwen,,,,,675,Other vision loss,,,,,,,,
,,,44676,Blackpool,,,,,674,Age-related and other hearing loss,,,,,,,,
,,,44662,Bolton,,,,,679,Other sense organ diseases,,,,,,,,
,,,44664,Bury,,,,,626,Musculoskeletal disorders,,,,,,,,
,,,44655,Cheshire East,,,,,627,Rheumatoid arthritis,,,,,,,,
,,,44658,Cheshire West and Chester,,,,,628,Osteoarthritis,,,,,,,,
,,,44661,Cumbria,,,,,1014,Osteoarthritis hip,,,,,,,,
,,,44670,Halton,,,,,1015,Osteoarthritis knee,,,,,,,,
,,,44675,Knowsley,,,,,1016,Osteoarthritis hand,,,,,,,,
,,,44660,Lancashire,,,,,1017,Osteoarthritis other,,,,,,,,
,,,44671,Liverpool,,,,,630,Low back pain,,,,,,,,
,,,44677,Manchester,,,,,631,Neck pain,,,,,,,,
,,,44667,Oldham,,,,,632,Gout,,,,,,,,
,,,44668,Rochdale,,,,,639,Other musculoskeletal disorders,,,,,,,,
,,,44673,Salford,,,,,640,Other non-communicable diseases,,,,,,,,
,,,44659,Sefton,,,,,641,Congenital birth defects,,,,,,,,
,,,44665,St Helens,,,,,642,Neural tube defects,,,,,,,,
,,,44656,Stockport,,,,,643,Congenital heart anomalies,,,,,,,,
,,,44672,Tameside,,,,,644,Orofacial clefts,,,,,,,,
,,,44657,Trafford,,,,,645,Down syndrome,,,,,,,,
,,,44666,Warrington,,,,,646,Turner syndrome,,,,,,,,
,,,44669,Wigan,,,,,647,Klinefelter syndrome,,,,,,,,
,,,44663,Wirral,,,,,648,Other chromosomal abnormalities,,,,,,,,
,,,4625,South East England,,,,,649,Congenital musculoskeletal and limb anomalies,,,,,,,,
,,,44765,Bracknell Forest,,,,,650,Urogenital congenital anomalies,,,,,,,,
,,,44770,Brighton and Hove,,,,,651,Digestive congenital anomalies,,,,,,,,
,,,44760,Buckinghamshire,,,,,652,Other congenital birth defects,,,,,,,,
,,,44772,East Sussex,,,,,594,Urinary diseases and male infertility,,,,,,,,
,,,44764,Hampshire,,,,,595,Urinary tract infections and interstitial nephritis,,,,,,,,
,,,44774,Isle of Wight,,,,,596,Urolithiasis,,,,,,,,
,,,44769,Kent,,,,,597,Benign prostatic hyperplasia,,,,,,,,
,,,44771,Medway,,,,,598,Male infertility,,,,,,,,
,,,44775,Milton Keynes,,,,,602,Other urinary diseases,,,,,,,,
,,,44767,Oxfordshire,,,,,603,Gynecological diseases,,,,,,,,
,,,44773,Portsmouth,,,,,604,Uterine fibroids,,,,,,,,
,,,44768,Reading,,,,,605,Polycystic ovarian syndrome,,,,,,,,
,,,44777,Slough,,,,,606,Female infertility,,,,,,,,
,,,44776,Southampton,,,,,607,Endometriosis,,,,,,,,
,,,44761,Surrey,,,,,608,Genital prolapse,,,,,,,,
,,,44763,West Berkshire,,,,,609,Premenstrual syndrome,,,,,,,,
,,,44766,West Sussex,,,,,612,Other gynecological diseases,,,,,,,,
,,,44762,Windsor and Maidenhead,,,,,613,Hemoglobinopathies and hemolytic anemias,,,,,,,,
,,,44759,Wokingham,,,,,614,Thalassemias,,,,,,,,
,,,4626,South West England,,,,,837,Thalassemias trait,,,,,,,,
,,,44784,Bath and North East Somerset,,,,,615,Sickle cell disorders,,,,,,,,
,,,44790,Bournemouth,,,,,838,Sickle cell trait,,,,,,,,
,,,44789,"Bristol, City of",,,,,616,G6PD deficiency,,,,,,,,
,,,44791,Cornwall,,,,,839,G6PD trait,,,,,,,,
,,,44782,Devon,,,,,618,Other hemoglobinopathies and hemolytic anemias,,,,,,,,
,,,44779,Dorset,,,,,619,"Endocrine, metabolic, blood, and immune disorders",,,,,,,,
,,,44785,Gloucestershire,,,,,680,Oral disorders,,,,,,,,
,,,44781,North Somerset,,,,,681,Caries of deciduous teeth,,,,,,,,
,,,44792,Plymouth,,,,,682,Caries of permanent teeth,,,,,,,,
,,,44783,Poole,,,,,683,Periodontal diseases,,,,,,,,
,,,44786,Somerset,,,,,684,Edentulism,,,,,,,,
,,,44778,South Gloucestershire,,,,,685,Other oral disorders,,,,,,,,
,,,44787,Swindon,,,,,686,Sudden infant death syndrome,,,,,,,,
,,,44788,Torbay,,,,,687,Injuries,,,,,,,,
,,,44780,Wiltshire,,,,,688,Transport injuries,,,,,,,,
,,,4622,West Midlands,,,,,689,Road injuries,,,,,,,,
,,,44714,Birmingham,,,,,690,Pedestrian road injuries,,,,,,,,
,,,44709,Coventry,,,,,691,Cyclist road injuries,,,,,,,,
,,,44708,Dudley,,,,,692,Motorcyclist road injuries,,,,,,,,
,,,44703,"Herefordshire, County of",,,,,693,Motor vehicle road injuries,,,,,,,,
,,,44715,Sandwell,,,,,694,Other road injuries,,,,,,,,
,,,44705,Shropshire,,,,,695,Other transport injuries,,,,,,,,
,,,44704,Solihull,,,,,696,Unintentional injuries,,,,,,,,
,,,44707,Staffordshire,,,,,697,Falls,,,,,,,,
,,,44711,Stoke-on-Trent,,,,,698,Drowning,,,,,,,,
,,,44710,Telford and Wrekin,,,,,699,"Fire, heat, and hot substances",,,,,,,,
,,,44712,Walsall,,,,,700,Poisonings,,,,,,,,
,,,44702,Warwickshire,,,,,701,Poisoning by carbon monoxide,,,,,,,,
,,,44713,Wolverhampton,,,,,703,Poisoning by other means,,,,,,,,
,,,44706,Worcestershire,,,,,704,Exposure to mechanical forces,,,,,,,,
,,,4620,Yorkshire and the Humber,,,,,705,Unintentional firearm injuries,,,,,,,,
,,,44692,Barnsley,,,,,707,Other exposure to mechanical forces,,,,,,,,
,,,44684,Bradford,,,,,708,Adverse effects of medical treatment,,,,,,,,
,,,44682,Calderdale,,,,,709,Animal contact,,,,,,,,
,,,44690,Doncaster,,,,,710,Venomous animal contact,,,,,,,,
,,,44679,East Riding of Yorkshire,,,,,711,Non-venomous animal contact,,,,,,,,
,,,44691,"Kingston upon Hull, City of",,,,,712,Foreign body,,,,,,,,
,,,44685,Kirklees,,,,,713,Pulmonary aspiration and foreign body in airway,,,,,,,,
,,,44686,Leeds,,,,,714,Foreign body in eyes,,,,,,,,
,,,44681,North East Lincolnshire,,,,,715,Foreign body in other body part,,,,,,,,
,,,44683,North Lincolnshire,,,,,842,Environmental heat and cold exposure,,,,,,,,
,,,44678,North Yorkshire,,,,,729,Exposure to forces of nature,,,,,,,,
,,,44689,Rotherham,,,,,716,Other unintentional injuries,,,,,,,,
,,,44687,Sheffield,,,,,717,Self-harm and interpersonal violence,,,,,,,,
,,,44688,Wakefield,,,,,718,Self-harm,,,,,,,,
,,,44680,York,,,,,721,Self-harm by firearm,,,,,,,,
,,,433,Northern Ireland,,,,,723,Self-harm by other specified means,,,,,,,,
,,,434,Scotland,,,,,724,Interpersonal violence,,,,,,,,
,,,4636,Wales,,,,,725,Physical violence by firearm,,,,,,,,
,,,103,Latin America and Caribbean,,,,,726,Physical violence by sharp object,,,,,,,,
,,,120,Andean Latin America,,,,,941,Sexual violence,,,,,,,,
,,,121,Bolivia (Plurinational State of),,,,,727,Physical violence by other means,,,,,,,,
,,,122,Ecuador,,,,,945,Conflict and terrorism,,,,,,,,
,,,123,Peru,,,,,854,Executions and police conflict,,,,,,,,
,,,104,Caribbean,,,,,1029,Total cancers,,,,,,,,
,,,105,Antigua and Barbuda,,,,,1026,Total burden related to hepatitis B,,,,,,,,
,,,106,Bahamas,,,,,1027,Total burden related to hepatitis C,,,,,,,,
,,,107,Barbados,,,,,1028,Total burden related to Non-alcoholic fatty liver disease (NAFLD),,,,,,,,
,,,108,Belize,,,,,,,,,,,,,,
,,,305,Bermuda,,,,,,,,,,,,,,
,,,109,Cuba,,,,,,,,,,,,,,
,,,110,Dominica,,,,,,,,,,,,,,
,,,111,Dominican Republic,,,,,,,,,,,,,,
,,,112,Grenada,,,,,,,,,,,,,,
,,,113,Guyana,,,,,,,,,,,,,,
,,,114,Haiti,,,,,,,,,,,,,,
,,,115,Jamaica,,,,,,,,,,,,,,
,,,385,Puerto Rico,,,,,,,,,,,,,,
,,,393,Saint Kitts and Nevis,,,,,,,,,,,,,,
,,,116,Saint Lucia,,,,,,,,,,,,,,
,,,117,Saint Vincent and the Grenadines,,,,,,,,,,,,,,
,,,118,Suriname,,,,,,,,,,,,,,
,,,119,Trinidad and Tobago,,,,,,,,,,,,,,
,,,422,United States Virgin Islands,,,,,,,,,,,,,,
,,,124,Central Latin America,,,,,,,,,,,,,,
,,,125,Colombia,,,,,,,,,,,,,,
,,,126,Costa Rica,,,,,,,,,,,,,,
,,,127,El Salvador,,,,,,,,,,,,,,
,,,128,Guatemala,,,,,,,,,,,,,,
,,,129,Honduras,,,,,,,,,,,,,,
,,,130,Mexico,,,,,,,,,,,,,,
,,,4643,Aguascalientes,,,,,,,,,,,,,,
,,,4644,Baja California,,,,,,,,,,,,,,
,,,4645,Baja California Sur,,,,,,,,,,,,,,
,,,4646,Campeche,,,,,,,,,,,,,,
,,,4649,Chiapas,,,,,,,,,,,,,,
,,,4650,Chihuahua,,,,,,,,,,,,,,
,,,4647,Coahuila,,,,,,,,,,,,,,
,,,4648,Colima,,,,,,,,,,,,,,
,,,4652,Durango,,,,,,,,,,,,,,
,,,4653,Guanajuato,,,,,,,,,,,,,,
,,,4654,Guerrero,,,,,,,,,,,,,,
,,,4655,Hidalgo,,,,,,,,,,,,,,
,,,4656,Jalisco,,,,,,,,,,,,,,
,,,4657,M�xico,,,,,,,,,,,,,,
,,,4651,Mexico City,,,,,,,,,,,,,,
,,,4658,Michoac�n de Ocampo,,,,,,,,,,,,,,
,,,4659,Morelos,,,,,,,,,,,,,,
,,,4660,Nayarit,,,,,,,,,,,,,,
,,,4661,Nuevo Le�n,,,,,,,,,,,,,,
,,,4662,Oaxaca,,,,,,,,,,,,,,
,,,4663,Puebla,,,,,,,,,,,,,,
,,,4664,Quer�taro,,,,,,,,,,,,,,
,,,4665,Quintana Roo,,,,,,,,,,,,,,
,,,4666,San Luis Potos�,,,,,,,,,,,,,,
,,,4667,Sinaloa,,,,,,,,,,,,,,
,,,4668,Sonora,,,,,,,,,,,,,,
,,,4669,Tabasco,,,,,,,,,,,,,,
,,,4670,Tamaulipas,,,,,,,,,,,,,,
,,,4671,Tlaxcala,,,,,,,,,,,,,,
,,,4672,Veracruz de Ignacio de la Llave,,,,,,,,,,,,,,
,,,4673,Yucat�n,,,,,,,,,,,,,,
,,,4674,Zacatecas,,,,,,,,,,,,,,
,,,131,Nicaragua,,,,,,,,,,,,,,
,,,132,Panama,,,,,,,,,,,,,,
,,,133,Venezuela (Bolivarian Republic of),,,,,,,,,,,,,,
,,,134,Tropical Latin America,,,,,,,,,,,,,,
,,,135,Brazil,,,,,,,,,,,,,,
,,,4750,Acre,,,,,,,,,,,,,,
,,,4751,Alagoas,,,,,,,,,,,,,,
,,,4753,Amap�,,,,,,,,,,,,,,
,,,4752,Amazonas,,,,,,,,,,,,,,
,,,4754,Bahia,,,,,,,,,,,,,,
,,,4755,Cear�,,,,,,,,,,,,,,
,,,4756,Distrito Federal,,,,,,,,,,,,,,
,,,4757,Esp�rito Santo,,,,,,,,,,,,,,
,,,4758,Goi�s,,,,,,,,,,,,,,
,,,4759,Maranh�o,,,,,,,,,,,,,,
,,,4762,Mato Grosso,,,,,,,,,,,,,,
,,,4761,Mato Grosso do Sul,,,,,,,,,,,,,,
,,,4760,Minas Gerais,,,,,,,,,,,,,,
,,,4763,Par�,,,,,,,,,,,,,,
,,,4764,Para�ba,,,,,,,,,,,,,,
,,,4765,Paran�,,,,,,,,,,,,,,
,,,4766,Pernambuco,,,,,,,,,,,,,,
,,,4767,Piaui,,,,,,,,,,,,,,
,,,4768,Rio de Janeiro,,,,,,,,,,,,,,
,,,4769,Rio Grande do Norte,,,,,,,,,,,,,,
,,,4772,Rio Grande do Sul,,,,,,,,,,,,,,
,,,4770,Rond�nia,,,,,,,,,,,,,,
,,,4771,Roraima,,,,,,,,,,,,,,
,,,4773,Santa Catarina,,,,,,,,,,,,,,
,,,4775,S�o Paulo,,,,,,,,,,,,,,
,,,4774,Sergipe,,,,,,,,,,,,,,
,,,4776,Tocantins,,,,,,,,,,,,,,
,,,136,Paraguay,,,,,,,,,,,,,,
,,,137,North Africa and Middle East,,,,,,,,,,,,,,
,,,138,North Africa and Middle East,,,,,,,,,,,,,,
,,,160,Afghanistan,,,,,,,,,,,,,,
,,,139,Algeria,,,,,,,,,,,,,,
,,,140,Bahrain,,,,,,,,,,,,,,
,,,141,Egypt,,,,,,,,,,,,,,
,,,142,Iran (Islamic Republic of),,,,,,,,,,,,,,
,,,44864,Alborz,,,,,,,,,,,,,,
,,,44865,Ardebil,,,,,,,,,,,,,,
,,,44868,Bushehr,,,,,,,,,,,,,,
,,,44869,Chahar Mahaal and Bakhtiari,,,,,,,,,,,,,,
,,,44866,East Azarbayejan,,,,,,,,,,,,,,
,,,44870,Fars,,,,,,,,,,,,,,
,,,44871,Gilan,,,,,,,,,,,,,,
,,,44872,Golestan,,,,,,,,,,,,,,
,,,44873,Hamadan,,,,,,,,,,,,,,
,,,44874,Hormozgan,,,,,,,,,,,,,,
,,,44875,Ilam,,,,,,,,,,,,,,
,,,44876,Isfahan,,,,,,,,,,,,,,
,,,44877,Kerman,,,,,,,,,,,,,,
,,,44878,Kermanshah,,,,,,,,,,,,,,
,,,44880,Khorasan-e-Razavi,,,,,,,,,,,,,,
,,,44882,Khuzestan,,,,,,,,,,,,,,
,,,44883,Kohgiluyeh and Boyer-Ahmad,,,,,,,,,,,,,,
,,,44884,Kurdistan,,,,,,,,,,,,,,
,,,44885,Lorestan,,,,,,,,,,,,,,
,,,44886,Markazi,,,,,,,,,,,,,,
,,,44887,Mazandaran,,,,,,,,,,,,,,
,,,44879,North Khorasan,,,,,,,,,,,,,,
,,,44888,Qazvin,,,,,,,,,,,,,,
,,,44889,Qom,,,,,,,,,,,,,,
,,,44890,Semnan,,,,,,,,,,,,,,
,,,44891,Sistan and Baluchistan,,,,,,,,,,,,,,
,,,44881,South Khorasan,,,,,,,,,,,,,,
,,,44892,Tehran,,,,,,,,,,,,,,
,,,44867,West Azarbayejan,,,,,,,,,,,,,,
,,,44893,Yazd,,,,,,,,,,,,,,
,,,44894,Zanjan,,,,,,,,,,,,,,
,,,143,Iraq,,,,,,,,,,,,,,
,,,144,Jordan,,,,,,,,,,,,,,
,,,145,Kuwait,,,,,,,,,,,,,,
,,,146,Lebanon,,,,,,,,,,,,,,
,,,147,Libya,,,,,,,,,,,,,,
,,,148,Morocco,,,,,,,,,,,,,,
,,,150,Oman,,,,,,,,,,,,,,
,,,149,Palestine,,,,,,,,,,,,,,
,,,151,Qatar,,,,,,,,,,,,,,
,,,152,Saudi Arabia,,,,,,,,,,,,,,
,,,522,Sudan,,,,,,,,,,,,,,
,,,153,Syrian Arab Republic,,,,,,,,,,,,,,
,,,154,Tunisia,,,,,,,,,,,,,,
,,,155,Turkey,,,,,,,,,,,,,,
,,,156,United Arab Emirates,,,,,,,,,,,,,,
,,,157,Yemen,,,,,,,,,,,,,,
,,,158,South Asia,,,,,,,,,,,,,,
,,,159,South Asia,,,,,,,,,,,,,,
,,,161,Bangladesh,,,,,,,,,,,,,,
,,,162,Bhutan,,,,,,,,,,,,,,
,,,163,India,,,,,,,,,,,,,,
,,,164,Nepal,,,,,,,,,,,,,,
,,,165,Pakistan,,,,,,,,,,,,,,
,,,53615,Azad Jammu & Kashmir,,,,,,,,,,,,,,
,,,53616,Balochistan,,,,,,,,,,,,,,
,,,53617,Gilgit-Baltistan,,,,,,,,,,,,,,
,,,53618,Islamabad Capital Territory,,,,,,,,,,,,,,
,,,53619,Khyber Pakhtunkhwa,,,,,,,,,,,,,,
,,,53620,Punjab,,,,,,,,,,,,,,
,,,53621,Sindh,,,,,,,,,,,,,,
,,,4,"Southeast Asia, East Asia, and Oceania",,,,,,,,,,,,,,
,,,5,East Asia,,,,,,,,,,,,,,
,,,6,China,,,,,,,,,,,,,,
,,,7,Democratic People's Republic of Korea,,,,,,,,,,,,,,
,,,8,Taiwan (Province of China),,,,,,,,,,,,,,
,,,21,Oceania,,,,,,,,,,,,,,
,,,298,American Samoa,,,,,,,,,,,,,,
,,,320,Cook Islands,,,,,,,,,,,,,,
,,,22,Fiji,,,,,,,,,,,,,,
,,,351,Guam,,,,,,,,,,,,,,
,,,23,Kiribati,,,,,,,,,,,,,,
,,,24,Marshall Islands,,,,,,,,,,,,,,
,,,25,Micronesia (Federated States of),,,,,,,,,,,,,,
,,,369,Nauru,,,,,,,,,,,,,,
,,,374,Niue,,,,,,,,,,,,,,
,,,376,Northern Mariana Islands,,,,,,,,,,,,,,
,,,380,Palau,,,,,,,,,,,,,,
,,,26,Papua New Guinea,,,,,,,,,,,,,,
,,,27,Samoa,,,,,,,,,,,,,,
,,,28,Solomon Islands,,,,,,,,,,,,,,
,,,413,Tokelau,,,,,,,,,,,,,,
,,,29,Tonga,,,,,,,,,,,,,,
,,,416,Tuvalu,,,,,,,,,,,,,,
,,,30,Vanuatu,,,,,,,,,,,,,,
,,,9,Southeast Asia,,,,,,,,,,,,,,
,,,10,Cambodia,,,,,,,,,,,,,,
,,,11,Indonesia,,,,,,,,,,,,,,
,,,4709,Aceh,,,,,,,,,,,,,,
,,,4726,Bali,,,,,,,,,,,,,,
,,,4717,Bangka-Belitung Islands,,,,,,,,,,,,,,
,,,4725,Banten,,,,,,,,,,,,,,
,,,4715,Bengkulu,,,,,,,,,,,,,,
,,,4737,Gorontalo,,,,,,,,,,,,,,
,,,4720,Jakarta,,,,,,,,,,,,,,
,,,4713,Jambi,,,,,,,,,,,,,,
,,,4721,West Java,,,,,,,,,,,,,,
,,,4722,Central Java,,,,,,,,,,,,,,
,,,4724,East Java,,,,,,,,,,,,,,
,,,4729,West Kalimantan,,,,,,,,,,,,,,
,,,4731,South Kalimantan,,,,,,,,,,,,,,
,,,4730,Central Kalimantan,,,,,,,,,,,,,,
,,,4732,East Kalimantan,,,,,,,,,,,,,,
,,,4719,North Kalimantan,,,,,,,,,,,,,,
,,,4718,Riau Islands,,,,,,,,,,,,,,
,,,4716,Lampung,,,,,,,,,,,,,,
,,,4739,Maluku,,,,,,,,,,,,,,
,,,4740,North Maluku,,,,,,,,,,,,,,
,,,4727,West Nusa Tenggara,,,,,,,,,,,,,,
,,,4728,East Nusa Tenggara,,,,,,,,,,,,,,
,,,4742,Papua,,,,,,,,,,,,,,
,,,4741,West Papua,,,,,,,,,,,,,,
,,,4712,Riau,,,,,,,,,,,,,,
,,,4738,West Sulawesi,,,,,,,,,,,,,,
,,,4735,South Sulawesi,,,,,,,,,,,,,,
,,,4734,Central Sulawesi,,,,,,,,,,,,,,
,,,4736,Southeast Sulawesi,,,,,,,,,,,,,,
,,,4733,North Sulawesi,,,,,,,,,,,,,,
,,,4711,West Sumatra,,,,,,,,,,,,,,
,,,4714,South Sumatra,,,,,,,,,,,,,,
,,,4710,North Sumatra,,,,,,,,,,,,,,
,,,4723,Yogyakarta,,,,,,,,,,,,,,
,,,12,Lao People's Democratic Republic,,,,,,,,,,,,,,
,,,13,Malaysia,,,,,,,,,,,,,,
,,,14,Maldives,,,,,,,,,,,,,,
,,,183,Mauritius,,,,,,,,,,,,,,
,,,15,Myanmar,,,,,,,,,,,,,,
,,,16,Philippines,,,,,,,,,,,,,,
,,,186,Seychelles,,,,,,,,,,,,,,
,,,17,Sri Lanka,,,,,,,,,,,,,,
,,,18,Thailand,,,,,,,,,,,,,,
,,,19,Timor-Leste,,,,,,,,,,,,,,
,,,20,Viet Nam,,,,,,,,,,,,,,
,,,166,Sub-Saharan Africa,,,,,,,,,,,,,,
,,,167,Central Sub-Saharan Africa,,,,,,,,,,,,,,
,,,168,Angola,,,,,,,,,,,,,,
,,,169,Central African Republic,,,,,,,,,,,,,,
,,,170,Congo,,,,,,,,,,,,,,
,,,171,Democratic Republic of the Congo,,,,,,,,,,,,,,
,,,172,Equatorial Guinea,,,,,,,,,,,,,,
,,,173,Gabon,,,,,,,,,,,,,,
,,,174,Eastern Sub-Saharan Africa,,,,,,,,,,,,,,
,,,175,Burundi,,,,,,,,,,,,,,
,,,176,Comoros,,,,,,,,,,,,,,
,,,177,Djibouti,,,,,,,,,,,,,,
,,,178,Eritrea,,,,,,,,,,,,,,
,,,179,Ethiopia,,,,,,,,,,,,,,
,,,44861,Addis Ababa,,,,,,,,,,,,,,
,,,44853,Afar,,,,,,,,,,,,,,
,,,44854,Amhara,,,,,,,,,,,,,,
,,,44857,Benishangul-Gumuz,,,,,,,,,,,,,,
,,,44862,Dire Dawa,,,,,,,,,,,,,,
,,,44860,Gambella,,,,,,,,,,,,,,
,,,44859,Harari,,,,,,,,,,,,,,
,,,44855,Oromia,,,,,,,,,,,,,,
,,,44856,Somali,,,,,,,,,,,,,,
,,,44858,"Southern Nations, Nationalities, and Peoples",,,,,,,,,,,,,,
,,,44852,Tigray,,,,,,,,,,,,,,
,,,180,Kenya,,,,,,,,,,,,,,
,,,35617,Baringo,,,,,,,,,,,,,,
,,,35618,Bomet,,,,,,,,,,,,,,
,,,35619,Bungoma,,,,,,,,,,,,,,
,,,35620,Busia,,,,,,,,,,,,,,
,,,35621,Elgeyo-Marakwet,,,,,,,,,,,,,,
,,,35622,Embu,,,,,,,,,,,,,,
,,,35623,Garissa,,,,,,,,,,,,,,
,,,35624,HomaBay,,,,,,,,,,,,,,
,,,35625,Isiolo,,,,,,,,,,,,,,
,,,35626,Kajiado,,,,,,,,,,,,,,
,,,35627,Kakamega,,,,,,,,,,,,,,
,,,35628,Kericho,,,,,,,,,,,,,,
,,,35629,Kiambu,,,,,,,,,,,,,,
,,,35630,Kilifi,,,,,,,,,,,,,,
,,,35631,Kirinyaga,,,,,,,,,,,,,,
,,,35632,Kisii,,,,,,,,,,,,,,
,,,35633,Kisumu,,,,,,,,,,,,,,
,,,35634,Kitui,,,,,,,,,,,,,,
,,,35635,Kwale,,,,,,,,,,,,,,
,,,35636,Laikipia,,,,,,,,,,,,,,
,,,35637,Lamu,,,,,,,,,,,,,,
,,,35638,Machakos,,,,,,,,,,,,,,
,,,35639,Makueni,,,,,,,,,,,,,,
,,,35640,Mandera,,,,,,,,,,,,,,
,,,35641,Marsabit,,,,,,,,,,,,,,
,,,35642,Meru,,,,,,,,,,,,,,
,,,35643,Migori,,,,,,,,,,,,,,
,,,35644,Mombasa,,,,,,,,,,,,,,
,,,35645,Murang'a,,,,,,,,,,,,,,
,,,35646,Nairobi,,,,,,,,,,,,,,
,,,35647,Nakuru,,,,,,,,,,,,,,
,,,35648,Nandi,,,,,,,,,,,,,,
,,,35649,Narok,,,,,,,,,,,,,,
,,,35650,Nyamira,,,,,,,,,,,,,,
,,,35651,Nyandarua,,,,,,,,,,,,,,
,,,35652,Nyeri,,,,,,,,,,,,,,
,,,35653,Samburu,,,,,,,,,,,,,,
,,,35654,Siaya,,,,,,,,,,,,,,
,,,35655,TaitaTaveta,,,,,,,,,,,,,,
,,,35656,TanaRiver,,,,,,,,,,,,,,
,,,35657,TharakaNithi,,,,,,,,,,,,,,
,,,35658,TransNzoia,,,,,,,,,,,,,,
,,,35659,Turkana,,,,,,,,,,,,,,
,,,35660,UasinGishu,,,,,,,,,,,,,,
,,,35661,Vihiga,,,,,,,,,,,,,,
,,,35662,Wajir,,,,,,,,,,,,,,
,,,35663,WestPokot,,,,,,,,,,,,,,
,,,181,Madagascar,,,,,,,,,,,,,,
,,,182,Malawi,,,,,,,,,,,,,,
,,,184,Mozambique,,,,,,,,,,,,,,
,,,185,Rwanda,,,,,,,,,,,,,,
,,,187,Somalia,,,,,,,,,,,,,,
,,,435,South Sudan,,,,,,,,,,,,,,
,,,190,Uganda,,,,,,,,,,,,,,
,,,189,United Republic of Tanzania,,,,,,,,,,,,,,
,,,191,Zambia,,,,,,,,,,,,,,
,,,192,Southern Sub-Saharan Africa,,,,,,,,,,,,,,
,,,193,Botswana,,,,,,,,,,,,,,
,,,197,Eswatini,,,,,,,,,,,,,,
,,,194,Lesotho,,,,,,,,,,,,,,
,,,195,Namibia,,,,,,,,,,,,,,
,,,196,South Africa,,,,,,,,,,,,,,
,,,482,Eastern Cape,,,,,,,,,,,,,,
,,,483,Free State,,,,,,,,,,,,,,
,,,484,Gauteng,,,,,,,,,,,,,,
,,,485,KwaZulu-Natal,,,,,,,,,,,,,,
,,,486,Limpopo,,,,,,,,,,,,,,
,,,487,Mpumalanga,,,,,,,,,,,,,,
,,,488,North-West,,,,,,,,,,,,,,
,,,489,Northern Cape,,,,,,,,,,,,,,
,,,490,Western Cape,,,,,,,,,,,,,,
,,,198,Zimbabwe,,,,,,,,,,,,,,
,,,199,Western Sub-Saharan Africa,,,,,,,,,,,,,,
,,,200,Benin,,,,,,,,,,,,,,
,,,201,Burkina Faso,,,,,,,,,,,,,,
,,,203,Cabo Verde,,,,,,,,,,,,,,
,,,202,Cameroon,,,,,,,,,,,,,,
,,,204,Chad,,,,,,,,,,,,,,
,,,205,C�te d'Ivoire,,,,,,,,,,,,,,
,,,206,Gambia,,,,,,,,,,,,,,
,,,207,Ghana,,,,,,,,,,,,,,
,,,208,Guinea,,,,,,,,,,,,,,
,,,209,Guinea-Bissau,,,,,,,,,,,,,,
,,,210,Liberia,,,,,,,,,,,,,,
,,,211,Mali,,,,,,,,,,,,,,
,,,212,Mauritania,,,,,,,,,,,,,,
,,,213,Niger,,,,,,,,,,,,,,
,,,214,Nigeria,,,,,,,,,,,,,,
,,,215,Sao Tome and Principe,,,,,,,,,,,,,,
,,,216,Senegal,,,,,,,,,,,,,,
,,,217,Sierra Leone,,,,,,,,,,,,,,
,,,218,Togo,,,,,,,,,,,,,,
,,,44587,African Union,,,,,,,,,,,,,,
,,,139,Algeria,,,,,,,,,,,,,,
,,,168,Angola,,,,,,,,,,,,,,
,,,200,Benin,,,,,,,,,,,,,,
,,,193,Botswana,,,,,,,,,,,,,,
,,,201,Burkina Faso,,,,,,,,,,,,,,
,,,175,Burundi,,,,,,,,,,,,,,
,,,203,Cabo Verde,,,,,,,,,,,,,,
,,,202,Cameroon,,,,,,,,,,,,,,
,,,169,Central African Republic,,,,,,,,,,,,,,
,,,204,Chad,,,,,,,,,,,,,,
,,,176,Comoros,,,,,,,,,,,,,,
,,,170,Congo,,,,,,,,,,,,,,
,,,205,C�te d'Ivoire,,,,,,,,,,,,,,
,,,171,Democratic Republic of the Congo,,,,,,,,,,,,,,
,,,177,Djibouti,,,,,,,,,,,,,,
,,,141,Egypt,,,,,,,,,,,,,,
,,,172,Equatorial Guinea,,,,,,,,,,,,,,
,,,178,Eritrea,,,,,,,,,,,,,,
,,,197,Eswatini,,,,,,,,,,,,,,
,,,179,Ethiopia,,,,,,,,,,,,,,
,,,173,Gabon,,,,,,,,,,,,,,
,,,206,Gambia,,,,,,,,,,,,,,
,,,207,Ghana,,,,,,,,,,,,,,
,,,208,Guinea,,,,,,,,,,,,,,
,,,209,Guinea-Bissau,,,,,,,,,,,,,,
,,,180,Kenya,,,,,,,,,,,,,,
,,,194,Lesotho,,,,,,,,,,,,,,
,,,210,Liberia,,,,,,,,,,,,,,
,,,147,Libya,,,,,,,,,,,,,,
,,,181,Madagascar,,,,,,,,,,,,,,
,,,182,Malawi,,,,,,,,,,,,,,
,,,211,Mali,,,,,,,,,,,,,,
,,,212,Mauritania,,,,,,,,,,,,,,
,,,183,Mauritius,,,,,,,,,,,,,,
,,,148,Morocco,,,,,,,,,,,,,,
,,,184,Mozambique,,,,,,,,,,,,,,
,,,195,Namibia,,,,,,,,,,,,,,
,,,213,Niger,,,,,,,,,,,,,,
,,,214,Nigeria,,,,,,,,,,,,,,
,,,185,Rwanda,,,,,,,,,,,,,,
,,,215,Sao Tome and Principe,,,,,,,,,,,,,,
,,,216,Senegal,,,,,,,,,,,,,,
,,,186,Seychelles,,,,,,,,,,,,,,
,,,217,Sierra Leone,,,,,,,,,,,,,,
,,,187,Somalia,,,,,,,,,,,,,,
,,,196,South Africa,,,,,,,,,,,,,,
,,,435,South Sudan,,,,,,,,,,,,,,
,,,522,Sudan,,,,,,,,,,,,,,
,,,218,Togo,,,,,,,,,,,,,,
,,,154,Tunisia,,,,,,,,,,,,,,
,,,190,Uganda,,,,,,,,,,,,,,
,,,189,United Republic of Tanzania,,,,,,,,,,,,,,
,,,191,Zambia,,,,,,,,,,,,,,
,,,198,Zimbabwe,,,,,,,,,,,,,,
,,,44534,Commonwealth,,,,,,,,,,,,,,
,,,44535,Commonwealth High Income,,,,,,,,,,,,,,
,,,105,Antigua and Barbuda,,,,,,,,,,,,,,
,,,71,Australia,,,,,,,,,,,,,,
,,,106,Bahamas,,,,,,,,,,,,,,
,,,107,Barbados,,,,,,,,,,,,,,
,,,66,Brunei Darussalam,,,,,,,,,,,,,,
,,,101,Canada,,,,,,,,,,,,,,
,,,77,Cyprus,,,,,,,,,,,,,,
,,,88,Malta,,,,,,,,,,,,,,
,,,72,New Zealand,,,,,,,,,,,,,,
,,,393,Saint Kitts and Nevis,,,,,,,,,,,,,,
,,,186,Seychelles,,,,,,,,,,,,,,
,,,69,Singapore,,,,,,,,,,,,,,
,,,119,Trinidad and Tobago,,,,,,,,,,,,,,
,,,95,United Kingdom,,,,,,,,,,,,,,
,,,44536,Commonwealth Middle Income,,,,,,,,,,,,,,
,,,108,Belize,,,,,,,,,,,,,,
,,,193,Botswana,,,,,,,,,,,,,,
,,,202,Cameroon,,,,,,,,,,,,,,
,,,110,Dominica,,,,,,,,,,,,,,
,,,197,Eswatini,,,,,,,,,,,,,,
,,,22,Fiji,,,,,,,,,,,,,,
,,,207,Ghana,,,,,,,,,,,,,,
,,,112,Grenada,,,,,,,,,,,,,,
,,,113,Guyana,,,,,,,,,,,,,,
,,,163,India,,,,,,,,,,,,,,
,,,115,Jamaica,,,,,,,,,,,,,,
,,,23,Kiribati,,,,,,,,,,,,,,
,,,194,Lesotho,,,,,,,,,,,,,,
,,,13,Malaysia,,,,,,,,,,,,,,
,,,14,Maldives,,,,,,,,,,,,,,
,,,183,Mauritius,,,,,,,,,,,,,,
,,,195,Namibia,,,,,,,,,,,,,,
,,,369,Nauru,,,,,,,,,,,,,,
,,,214,Nigeria,,,,,,,,,,,,,,
,,,165,Pakistan,,,,,,,,,,,,,,
,,,26,Papua New Guinea,,,,,,,,,,,,,,
,,,116,Saint Lucia,,,,,,,,,,,,,,
,,,117,Saint Vincent and the Grenadines,,,,,,,,,,,,,,
,,,27,Samoa,,,,,,,,,,,,,,
,,,28,Solomon Islands,,,,,,,,,,,,,,
,,,196,South Africa,,,,,,,,,,,,,,
,,,17,Sri Lanka,,,,,,,,,,,,,,
,,,29,Tonga,,,,,,,,,,,,,,
,,,416,Tuvalu,,,,,,,,,,,,,,
,,,30,Vanuatu,,,,,,,,,,,,,,
,,,191,Zambia,,,,,,,,,,,,,,
,,,44537,Commonwealth Low Income,,,,,,,,,,,,,,
,,,161,Bangladesh,,,,,,,,,,,,,,
,,,180,Kenya,,,,,,,,,,,,,,
,,,182,Malawi,,,,,,,,,,,,,,
,,,184,Mozambique,,,,,,,,,,,,,,
,,,185,Rwanda,,,,,,,,,,,,,,
,,,217,Sierra Leone,,,,,,,,,,,,,,
,,,190,Uganda,,,,,,,,,,,,,,
,,,189,United Republic of Tanzania,,,,,,,,,,,,,,
,,,4743,European Union,,,,,,,,,,,,,,
,,,75,Austria,,,,,,,,,,,,,,
,,,76,Belgium,,,,,,,,,,,,,,
,,,45,Bulgaria,,,,,,,,,,,,,,
,,,46,Croatia,,,,,,,,,,,,,,
,,,77,Cyprus,,,,,,,,,,,,,,
,,,47,Czechia,,,,,,,,,,,,,,
,,,78,Denmark,,,,,,,,,,,,,,
,,,58,Estonia,,,,,,,,,,,,,,
,,,79,Finland,,,,,,,,,,,,,,
,,,80,France,,,,,,,,,,,,,,
,,,81,Germany,,,,,,,,,,,,,,
,,,82,Greece,,,,,,,,,,,,,,
,,,48,Hungary,,,,,,,,,,,,,,
,,,84,Ireland,,,,,,,,,,,,,,
,,,86,Italy,,,,,,,,,,,,,,
,,,59,Latvia,,,,,,,,,,,,,,
,,,60,Lithuania,,,,,,,,,,,,,,
,,,87,Luxembourg,,,,,,,,,,,,,,
,,,88,Malta,,,,,,,,,,,,,,
,,,89,Netherlands,,,,,,,,,,,,,,
,,,51,Poland,,,,,,,,,,,,,,
,,,91,Portugal,,,,,,,,,,,,,,
,,,52,Romania,,,,,,,,,,,,,,
,,,54,Slovakia,,,,,,,,,,,,,,
,,,55,Slovenia,,,,,,,,,,,,,,
,,,92,Spain,,,,,,,,,,,,,,
,,,93,Sweden,,,,,,,,,,,,,,
,,,95,United Kingdom,,,,,,,,,,,,,,
,,,44590,Four World Regions,,,,,,,,,,,,,,
,,,44559,Africa,,,,,,,,,,,,,,
,,,139,Algeria,,,,,,,,,,,,,,
,,,168,Angola,,,,,,,,,,,,,,
,,,200,Benin,,,,,,,,,,,,,,
,,,193,Botswana,,,,,,,,,,,,,,
,,,201,Burkina Faso,,,,,,,,,,,,,,
,,,175,Burundi,,,,,,,,,,,,,,
,,,203,Cabo Verde,,,,,,,,,,,,,,
,,,202,Cameroon,,,,,,,,,,,,,,
,,,169,Central African Republic,,,,,,,,,,,,,,
,,,204,Chad,,,,,,,,,,,,,,
,,,176,Comoros,,,,,,,,,,,,,,
,,,170,Congo,,,,,,,,,,,,,,
,,,205,C�te d'Ivoire,,,,,,,,,,,,,,
,,,171,Democratic Republic of the Congo,,,,,,,,,,,,,,
,,,177,Djibouti,,,,,,,,,,,,,,
,,,141,Egypt,,,,,,,,,,,,,,
,,,172,Equatorial Guinea,,,,,,,,,,,,,,
,,,178,Eritrea,,,,,,,,,,,,,,
,,,197,Eswatini,,,,,,,,,,,,,,
,,,179,Ethiopia,,,,,,,,,,,,,,
,,,173,Gabon,,,,,,,,,,,,,,
,,,206,Gambia,,,,,,,,,,,,,,
,,,207,Ghana,,,,,,,,,,,,,,
,,,208,Guinea,,,,,,,,,,,,,,
,,,209,Guinea-Bissau,,,,,,,,,,,,,,
,,,180,Kenya,,,,,,,,,,,,,,
,,,194,Lesotho,,,,,,,,,,,,,,
,,,210,Liberia,,,,,,,,,,,,,,
,,,147,Libya,,,,,,,,,,,,,,
,,,181,Madagascar,,,,,,,,,,,,,,
,,,182,Malawi,,,,,,,,,,,,,,
,,,211,Mali,,,,,,,,,,,,,,
,,,212,Mauritania,,,,,,,,,,,,,,
,,,183,Mauritius,,,,,,,,,,,,,,
,,,148,Morocco,,,,,,,,,,,,,,
,,,184,Mozambique,,,,,,,,,,,,,,
,,,195,Namibia,,,,,,,,,,,,,,
,,,213,Niger,,,,,,,,,,,,,,
,,,214,Nigeria,,,,,,,,,,,,,,
,,,185,Rwanda,,,,,,,,,,,,,,
,,,215,Sao Tome and Principe,,,,,,,,,,,,,,
,,,216,Senegal,,,,,,,,,,,,,,
,,,186,Seychelles,,,,,,,,,,,,,,
,,,217,Sierra Leone,,,,,,,,,,,,,,
,,,187,Somalia,,,,,,,,,,,,,,
,,,196,South Africa,,,,,,,,,,,,,,
,,,435,South Sudan,,,,,,,,,,,,,,
,,,522,Sudan,,,,,,,,,,,,,,
,,,218,Togo,,,,,,,,,,,,,,
,,,154,Tunisia,,,,,,,,,,,,,,
,,,190,Uganda,,,,,,,,,,,,,,
,,,189,United Republic of Tanzania,,,,,,,,,,,,,,
,,,191,Zambia,,,,,,,,,,,,,,
,,,198,Zimbabwe,,,,,,,,,,,,,,
,,,44560,America,,,,,,,,,,,,,,
,,,105,Antigua and Barbuda,,,,,,,,,,,,,,
,,,97,Argentina,,,,,,,,,,,,,,
,,,106,Bahamas,,,,,,,,,,,,,,
,,,107,Barbados,,,,,,,,,,,,,,
,,,108,Belize,,,,,,,,,,,,,,
,,,121,Bolivia (Plurinational State of),,,,,,,,,,,,,,
,,,135,Brazil,,,,,,,,,,,,,,
,,,101,Canada,,,,,,,,,,,,,,
,,,98,Chile,,,,,,,,,,,,,,
,,,125,Colombia,,,,,,,,,,,,,,
,,,126,Costa Rica,,,,,,,,,,,,,,
,,,109,Cuba,,,,,,,,,,,,,,
,,,110,Dominica,,,,,,,,,,,,,,
,,,111,Dominican Republic,,,,,,,,,,,,,,
,,,122,Ecuador,,,,,,,,,,,,,,
,,,127,El Salvador,,,,,,,,,,,,,,
,,,112,Grenada,,,,,,,,,,,,,,
,,,128,Guatemala,,,,,,,,,,,,,,
,,,113,Guyana,,,,,,,,,,,,,,
,,,114,Haiti,,,,,,,,,,,,,,
,,,129,Honduras,,,,,,,,,,,,,,
,,,115,Jamaica,,,,,,,,,,,,,,
,,,130,Mexico,,,,,,,,,,,,,,
,,,131,Nicaragua,,,,,,,,,,,,,,
,,,132,Panama,,,,,,,,,,,,,,
,,,136,Paraguay,,,,,,,,,,,,,,
,,,123,Peru,,,,,,,,,,,,,,
,,,393,Saint Kitts and Nevis,,,,,,,,,,,,,,
,,,116,Saint Lucia,,,,,,,,,,,,,,
,,,117,Saint Vincent and the Grenadines,,,,,,,,,,,,,,
,,,118,Suriname,,,,,,,,,,,,,,
,,,119,Trinidad and Tobago,,,,,,,,,,,,,,
,,,102,United States of America,,,,,,,,,,,,,,
,,,99,Uruguay,,,,,,,,,,,,,,
,,,133,Venezuela (Bolivarian Republic of),,,,,,,,,,,,,,
,,,44561,Asia,,,,,,,,,,,,,,
,,,160,Afghanistan,,,,,,,,,,,,,,
,,,71,Australia,,,,,,,,,,,,,,
,,,140,Bahrain,,,,,,,,,,,,,,
,,,161,Bangladesh,,,,,,,,,,,,,,
,,,162,Bhutan,,,,,,,,,,,,,,
,,,66,Brunei Darussalam,,,,,,,,,,,,,,
,,,10,Cambodia,,,,,,,,,,,,,,
,,,6,China,,,,,,,,,,,,,,
,,,320,Cook Islands,,,,,,,,,,,,,,
,,,7,Democratic People's Republic of Korea,,,,,,,,,,,,,,
,,,22,Fiji,,,,,,,,,,,,,,
,,,163,India,,,,,,,,,,,,,,
,,,11,Indonesia,,,,,,,,,,,,,,
,,,142,Iran (Islamic Republic of),,,,,,,,,,,,,,
,,,143,Iraq,,,,,,,,,,,,,,
,,,85,Israel,,,,,,,,,,,,,,
,,,67,Japan,,,,,,,,,,,,,,
,,,144,Jordan,,,,,,,,,,,,,,
,,,36,Kazakhstan,,,,,,,,,,,,,,
,,,23,Kiribati,,,,,,,,,,,,,,
,,,145,Kuwait,,,,,,,,,,,,,,
,,,37,Kyrgyzstan,,,,,,,,,,,,,,
,,,12,Lao People's Democratic Republic,,,,,,,,,,,,,,
,,,146,Lebanon,,,,,,,,,,,,,,
,,,13,Malaysia,,,,,,,,,,,,,,
,,,14,Maldives,,,,,,,,,,,,,,
,,,24,Marshall Islands,,,,,,,,,,,,,,
,,,25,Micronesia (Federated States of),,,,,,,,,,,,,,
,,,38,Mongolia,,,,,,,,,,,,,,
,,,15,Myanmar,,,,,,,,,,,,,,
,,,369,Nauru,,,,,,,,,,,,,,
,,,164,Nepal,,,,,,,,,,,,,,
,,,72,New Zealand,,,,,,,,,,,,,,
,,,374,Niue,,,,,,,,,,,,,,
,,,150,Oman,,,,,,,,,,,,,,
,,,165,Pakistan,,,,,,,,,,,,,,
,,,380,Palau,,,,,,,,,,,,,,
,,,149,Palestine,,,,,,,,,,,,,,
,,,26,Papua New Guinea,,,,,,,,,,,,,,
,,,16,Philippines,,,,,,,,,,,,,,
,,,151,Qatar,,,,,,,,,,,,,,
,,,68,Republic of Korea,,,,,,,,,,,,,,
,,,27,Samoa,,,,,,,,,,,,,,
,,,152,Saudi Arabia,,,,,,,,,,,,,,
,,,69,Singapore,,,,,,,,,,,,,,
,,,28,Solomon Islands,,,,,,,,,,,,,,
,,,17,Sri Lanka,,,,,,,,,,,,,,
,,,153,Syrian Arab Republic,,,,,,,,,,,,,,
,,,8,Taiwan (Province of China),,,,,,,,,,,,,,
,,,39,Tajikistan,,,,,,,,,,,,,,
,,,18,Thailand,,,,,,,,,,,,,,
,,,19,Timor-Leste,,,,,,,,,,,,,,
,,,413,Tokelau,,,,,,,,,,,,,,
,,,29,Tonga,,,,,,,,,,,,,,
,,,40,Turkmenistan,,,,,,,,,,,,,,
,,,416,Tuvalu,,,,,,,,,,,,,,
,,,156,United Arab Emirates,,,,,,,,,,,,,,
,,,41,Uzbekistan,,,,,,,,,,,,,,
,,,30,Vanuatu,,,,,,,,,,,,,,
,,,20,Viet Nam,,,,,,,,,,,,,,
,,,157,Yemen,,,,,,,,,,,,,,
,,,44562,Europe,,,,,,,,,,,,,,
,,,43,Albania,,,,,,,,,,,,,,
,,,74,Andorra,,,,,,,,,,,,,,
,,,33,Armenia,,,,,,,,,,,,,,
,,,75,Austria,,,,,,,,,,,,,,
,,,34,Azerbaijan,,,,,,,,,,,,,,
,,,57,Belarus,,,,,,,,,,,,,,
,,,76,Belgium,,,,,,,,,,,,,,
,,,44,Bosnia and Herzegovina,,,,,,,,,,,,,,
,,,45,Bulgaria,,,,,,,,,,,,,,
,,,46,Croatia,,,,,,,,,,,,,,
,,,77,Cyprus,,,,,,,,,,,,,,
,,,47,Czechia,,,,,,,,,,,,,,
,,,78,Denmark,,,,,,,,,,,,,,
,,,58,Estonia,,,,,,,,,,,,,,
,,,79,Finland,,,,,,,,,,,,,,
,,,80,France,,,,,,,,,,,,,,
,,,35,Georgia,,,,,,,,,,,,,,
,,,81,Germany,,,,,,,,,,,,,,
,,,82,Greece,,,,,,,,,,,,,,
,,,349,Greenland,,,,,,,,,,,,,,
,,,48,Hungary,,,,,,,,,,,,,,
,,,83,Iceland,,,,,,,,,,,,,,
,,,84,Ireland,,,,,,,,,,,,,,
,,,86,Italy,,,,,,,,,,,,,,
,,,59,Latvia,,,,,,,,,,,,,,
,,,60,Lithuania,,,,,,,,,,,,,,
,,,87,Luxembourg,,,,,,,,,,,,,,
,,,88,Malta,,,,,,,,,,,,,,
,,,367,Monaco,,,,,,,,,,,,,,
,,,50,Montenegro,,,,,,,,,,,,,,
,,,89,Netherlands,,,,,,,,,,,,,,
,,,49,North Macedonia,,,,,,,,,,,,,,
,,,90,Norway,,,,,,,,,,,,,,
,,,51,Poland,,,,,,,,,,,,,,
,,,91,Portugal,,,,,,,,,,,,,,
,,,61,Republic of Moldova,,,,,,,,,,,,,,
,,,52,Romania,,,,,,,,,,,,,,
,,,62,Russian Federation,,,,,,,,,,,,,,
,,,396,San Marino,,,,,,,,,,,,,,
,,,53,Serbia,,,,,,,,,,,,,,
,,,54,Slovakia,,,,,,,,,,,,,,
,,,55,Slovenia,,,,,,,,,,,,,,
,,,92,Spain,,,,,,,,,,,,,,
,,,93,Sweden,,,,,,,,,,,,,,
,,,94,Switzerland,,,,,,,,,,,,,,
,,,155,Turkey,,,,,,,,,,,,,,
,,,63,Ukraine,,,,,,,,,,,,,,
,,,95,United Kingdom,,,,,,,,,,,,,,
,,,44586,G20,,,,,,,,,,,,,,
,,,97,Argentina,,,,,,,,,,,,,,
,,,71,Australia,,,,,,,,,,,,,,
,,,75,Austria,,,,,,,,,,,,,,
,,,76,Belgium,,,,,,,,,,,,,,
,,,135,Brazil,,,,,,,,,,,,,,
,,,45,Bulgaria,,,,,,,,,,,,,,
,,,101,Canada,,,,,,,,,,,,,,
,,,6,China,,,,,,,,,,,,,,
,,,46,Croatia,,,,,,,,,,,,,,
,,,77,Cyprus,,,,,,,,,,,,,,
,,,47,Czechia,,,,,,,,,,,,,,
,,,78,Denmark,,,,,,,,,,,,,,
,,,58,Estonia,,,,,,,,,,,,,,
,,,79,Finland,,,,,,,,,,,,,,
,,,80,France,,,,,,,,,,,,,,
,,,81,Germany,,,,,,,,,,,,,,
,,,82,Greece,,,,,,,,,,,,,,
,,,48,Hungary,,,,,,,,,,,,,,
,,,163,India,,,,,,,,,,,,,,
,,,11,Indonesia,,,,,,,,,,,,,,
,,,84,Ireland,,,,,,,,,,,,,,
,,,86,Italy,,,,,,,,,,,,,,
,,,67,Japan,,,,,,,,,,,,,,
,,,59,Latvia,,,,,,,,,,,,,,
,,,60,Lithuania,,,,,,,,,,,,,,
,,,87,Luxembourg,,,,,,,,,,,,,,
,,,88,Malta,,,,,,,,,,,,,,
,,,130,Mexico,,,,,,,,,,,,,,
,,,89,Netherlands,,,,,,,,,,,,,,
,,,51,Poland,,,,,,,,,,,,,,
,,,91,Portugal,,,,,,,,,,,,,,
,,,68,Republic of Korea,,,,,,,,,,,,,,
,,,52,Romania,,,,,,,,,,,,,,
,,,62,Russian Federation,,,,,,,,,,,,,,
,,,152,Saudi Arabia,,,,,,,,,,,,,,
,,,54,Slovakia,,,,,,,,,,,,,,
,,,55,Slovenia,,,,,,,,,,,,,,
,,,196,South Africa,,,,,,,,,,,,,,
,,,92,Spain,,,,,,,,,,,,,,
,,,93,Sweden,,,,,,,,,,,,,,
,,,155,Turkey,,,,,,,,,,,,,,
,,,95,United Kingdom,,,,,,,,,,,,,,
,,,102,United States of America,,,,,,,,,,,,,,
,,,44642,Nordic Region,,,,,,,,,,,,,,
,,,78,Denmark,,,,,,,,,,,,,,
,,,79,Finland,,,,,,,,,,,,,,
,,,349,Greenland,,,,,,,,,,,,,,
,,,83,Iceland,,,,,,,,,,,,,,
,,,90,Norway,,,,,,,,,,,,,,
,,,93,Sweden,,,,,,,,,,,,,,
,,,44584,OECD Countries,,,,,,,,,,,,,,
,,,71,Australia,,,,,,,,,,,,,,
,,,75,Austria,,,,,,,,,,,,,,
,,,76,Belgium,,,,,,,,,,,,,,
,,,101,Canada,,,,,,,,,,,,,,
,,,98,Chile,,,,,,,,,,,,,,
,,,47,Czechia,,,,,,,,,,,,,,
,,,78,Denmark,,,,,,,,,,,,,,
,,,58,Estonia,,,,,,,,,,,,,,
,,,79,Finland,,,,,,,,,,,,,,
,,,80,France,,,,,,,,,,,,,,
,,,81,Germany,,,,,,,,,,,,,,
,,,82,Greece,,,,,,,,,,,,,,
,,,48,Hungary,,,,,,,,,,,,,,
,,,83,Iceland,,,,,,,,,,,,,,
,,,84,Ireland,,,,,,,,,,,,,,
,,,85,Israel,,,,,,,,,,,,,,
,,,86,Italy,,,,,,,,,,,,,,
,,,67,Japan,,,,,,,,,,,,,,
,,,59,Latvia,,,,,,,,,,,,,,
,,,60,Lithuania,,,,,,,,,,,,,,
,,,87,Luxembourg,,,,,,,,,,,,,,
,,,130,Mexico,,,,,,,,,,,,,,
,,,89,Netherlands,,,,,,,,,,,,,,
,,,72,New Zealand,,,,,,,,,,,,,,
,,,90,Norway,,,,,,,,,,,,,,
,,,51,Poland,,,,,,,,,,,,,,
,,,91,Portugal,,,,,,,,,,,,,,
,,,68,Republic of Korea,,,,,,,,,,,,,,
,,,54,Slovakia,,,,,,,,,,,,,,
,,,55,Slovenia,,,,,,,,,,,,,,
,,,92,Spain,,,,,,,,,,,,,,
,,,93,Sweden,,,,,,,,,,,,,,
,,,94,Switzerland,,,,,,,,,,,,,,
,,,155,Turkey,,,,,,,,,,,,,,
,,,95,United Kingdom,,,,,,,,,,,,,,
,,,102,United States of America,,,,,,,,,,,,,,
,,,479,WHO region,,,,,,,,,,,,,,
,,,44563,African Region,,,,,,,,,,,,,,
,,,139,Algeria,,,,,,,,,,,,,,
,,,168,Angola,,,,,,,,,,,,,,
,,,200,Benin,,,,,,,,,,,,,,
,,,193,Botswana,,,,,,,,,,,,,,
,,,201,Burkina Faso,,,,,,,,,,,,,,
,,,175,Burundi,,,,,,,,,,,,,,
,,,203,Cabo Verde,,,,,,,,,,,,,,
,,,202,Cameroon,,,,,,,,,,,,,,
,,,169,Central African Republic,,,,,,,,,,,,,,
,,,204,Chad,,,,,,,,,,,,,,
,,,176,Comoros,,,,,,,,,,,,,,
,,,170,Congo,,,,,,,,,,,,,,
,,,205,C�te d'Ivoire,,,,,,,,,,,,,,
,,,171,Democratic Republic of the Congo,,,,,,,,,,,,,,
,,,172,Equatorial Guinea,,,,,,,,,,,,,,
,,,178,Eritrea,,,,,,,,,,,,,,
,,,197,Eswatini,,,,,,,,,,,,,,
,,,179,Ethiopia,,,,,,,,,,,,,,
,,,173,Gabon,,,,,,,,,,,,,,
,,,206,Gambia,,,,,,,,,,,,,,
,,,207,Ghana,,,,,,,,,,,,,,
,,,208,Guinea,,,,,,,,,,,,,,
,,,209,Guinea-Bissau,,,,,,,,,,,,,,
,,,180,Kenya,,,,,,,,,,,,,,
,,,194,Lesotho,,,,,,,,,,,,,,
,,,210,Liberia,,,,,,,,,,,,,,
,,,181,Madagascar,,,,,,,,,,,,,,
,,,182,Malawi,,,,,,,,,,,,,,
,,,211,Mali,,,,,,,,,,,,,,
,,,212,Mauritania,,,,,,,,,,,,,,
,,,183,Mauritius,,,,,,,,,,,,,,
,,,184,Mozambique,,,,,,,,,,,,,,
,,,195,Namibia,,,,,,,,,,,,,,
,,,213,Niger,,,,,,,,,,,,,,
,,,214,Nigeria,,,,,,,,,,,,,,
,,,185,Rwanda,,,,,,,,,,,,,,
,,,215,Sao Tome and Principe,,,,,,,,,,,,,,
,,,216,Senegal,,,,,,,,,,,,,,
,,,186,Seychelles,,,,,,,,,,,,,,
,,,217,Sierra Leone,,,,,,,,,,,,,,
,,,196,South Africa,,,,,,,,,,,,,,
,,,435,South Sudan,,,,,,,,,,,,,,
,,,218,Togo,,,,,,,,,,,,,,
,,,190,Uganda,,,,,,,,,,,,,,
,,,189,United Republic of Tanzania,,,,,,,,,,,,,,
,,,191,Zambia,,,,,,,,,,,,,,
,,,198,Zimbabwe,,,,,,,,,,,,,,
,,,44567,Eastern Mediterranean Region,,,,,,,,,,,,,,
,,,160,Afghanistan,,,,,,,,,,,,,,
,,,140,Bahrain,,,,,,,,,,,,,,
,,,177,Djibouti,,,,,,,,,,,,,,
,,,141,Egypt,,,,,,,,,,,,,,
,,,142,Iran (Islamic Republic of),,,,,,,,,,,,,,
,,,143,Iraq,,,,,,,,,,,,,,
,,,144,Jordan,,,,,,,,,,,,,,
,,,145,Kuwait,,,,,,,,,,,,,,
,,,146,Lebanon,,,,,,,,,,,,,,
,,,147,Libya,,,,,,,,,,,,,,
,,,148,Morocco,,,,,,,,,,,,,,
,,,150,Oman,,,,,,,,,,,,,,
,,,165,Pakistan,,,,,,,,,,,,,,
,,,151,Qatar,,,,,,,,,,,,,,
,,,152,Saudi Arabia,,,,,,,,,,,,,,
,,,187,Somalia,,,,,,,,,,,,,,
,,,522,Sudan,,,,,,,,,,,,,,
,,,153,Syrian Arab Republic,,,,,,,,,,,,,,
,,,154,Tunisia,,,,,,,,,,,,,,
,,,156,United Arab Emirates,,,,,,,,,,,,,,
,,,157,Yemen,,,,,,,,,,,,,,
,,,44566,European Region,,,,,,,,,,,,,,
,,,43,Albania,,,,,,,,,,,,,,
,,,74,Andorra,,,,,,,,,,,,,,
,,,33,Armenia,,,,,,,,,,,,,,
,,,75,Austria,,,,,,,,,,,,,,
,,,34,Azerbaijan,,,,,,,,,,,,,,
,,,57,Belarus,,,,,,,,,,,,,,
,,,76,Belgium,,,,,,,,,,,,,,
,,,44,Bosnia and Herzegovina,,,,,,,,,,,,,,
,,,45,Bulgaria,,,,,,,,,,,,,,
,,,46,Croatia,,,,,,,,,,,,,,
,,,77,Cyprus,,,,,,,,,,,,,,
,,,47,Czechia,,,,,,,,,,,,,,
,,,78,Denmark,,,,,,,,,,,,,,
,,,58,Estonia,,,,,,,,,,,,,,
,,,79,Finland,,,,,,,,,,,,,,
,,,80,France,,,,,,,,,,,,,,
,,,35,Georgia,,,,,,,,,,,,,,
,,,81,Germany,,,,,,,,,,,,,,
,,,82,Greece,,,,,,,,,,,,,,
,,,48,Hungary,,,,,,,,,,,,,,
,,,83,Iceland,,,,,,,,,,,,,,
,,,84,Ireland,,,,,,,,,,,,,,
,,,85,Israel,,,,,,,,,,,,,,
,,,86,Italy,,,,,,,,,,,,,,
,,,36,Kazakhstan,,,,,,,,,,,,,,
,,,37,Kyrgyzstan,,,,,,,,,,,,,,
,,,59,Latvia,,,,,,,,,,,,,,
,,,60,Lithuania,,,,,,,,,,,,,,
,,,87,Luxembourg,,,,,,,,,,,,,,
,,,88,Malta,,,,,,,,,,,,,,
,,,367,Monaco,,,,,,,,,,,,,,
,,,50,Montenegro,,,,,,,,,,,,,,
,,,89,Netherlands,,,,,,,,,,,,,,
,,,49,North Macedonia,,,,,,,,,,,,,,
,,,90,Norway,,,,,,,,,,,,,,
,,,51,Poland,,,,,,,,,,,,,,
,,,91,Portugal,,,,,,,,,,,,,,
,,,61,Republic of Moldova,,,,,,,,,,,,,,
,,,52,Romania,,,,,,,,,,,,,,
,,,62,Russian Federation,,,,,,,,,,,,,,
,,,396,San Marino,,,,,,,,,,,,,,
,,,53,Serbia,,,,,,,,,,,,,,
,,,54,Slovakia,,,,,,,,,,,,,,
,,,55,Slovenia,,,,,,,,,,,,,,
,,,92,Spain,,,,,,,,,,,,,,
,,,93,Sweden,,,,,,,,,,,,,,
,,,94,Switzerland,,,,,,,,,,,,,,
,,,39,Tajikistan,,,,,,,,,,,,,,
,,,155,Turkey,,,,,,,,,,,,,,
,,,40,Turkmenistan,,,,,,,,,,,,,,
,,,63,Ukraine,,,,,,,,,,,,,,
,,,95,United Kingdom,,,,,,,,,,,,,,
,,,41,Uzbekistan,,,,,,,,,,,,,,
,,,44564,Region of the Americas,,,,,,,,,,,,,,
,,,105,Antigua and Barbuda,,,,,,,,,,,,,,
,,,97,Argentina,,,,,,,,,,,,,,
,,,106,Bahamas,,,,,,,,,,,,,,
,,,107,Barbados,,,,,,,,,,,,,,
,,,108,Belize,,,,,,,,,,,,,,
,,,121,Bolivia (Plurinational State of),,,,,,,,,,,,,,
,,,135,Brazil,,,,,,,,,,,,,,
,,,101,Canada,,,,,,,,,,,,,,
,,,98,Chile,,,,,,,,,,,,,,
,,,125,Colombia,,,,,,,,,,,,,,
,,,126,Costa Rica,,,,,,,,,,,,,,
,,,109,Cuba,,,,,,,,,,,,,,
,,,110,Dominica,,,,,,,,,,,,,,
,,,111,Dominican Republic,,,,,,,,,,,,,,
,,,122,Ecuador,,,,,,,,,,,,,,
,,,127,El Salvador,,,,,,,,,,,,,,
,,,112,Grenada,,,,,,,,,,,,,,
,,,128,Guatemala,,,,,,,,,,,,,,
,,,113,Guyana,,,,,,,,,,,,,,
,,,114,Haiti,,,,,,,,,,,,,,
,,,129,Honduras,,,,,,,,,,,,,,
,,,115,Jamaica,,,,,,,,,,,,,,
,,,130,Mexico,,,,,,,,,,,,,,
,,,131,Nicaragua,,,,,,,,,,,,,,
,,,132,Panama,,,,,,,,,,,,,,
,,,136,Paraguay,,,,,,,,,,,,,,
,,,123,Peru,,,,,,,,,,,,,,
,,,393,Saint Kitts and Nevis,,,,,,,,,,,,,,
,,,116,Saint Lucia,,,,,,,,,,,,,,
,,,117,Saint Vincent and the Grenadines,,,,,,,,,,,,,,
,,,118,Suriname,,,,,,,,,,,,,,
,,,119,Trinidad and Tobago,,,,,,,,,,,,,,
,,,102,United States of America,,,,,,,,,,,,,,
,,,99,Uruguay,,,,,,,,,,,,,,
,,,133,Venezuela (Bolivarian Republic of),,,,,,,,,,,,,,
,,,44565,South-East Asia Region,,,,,,,,,,,,,,
,,,161,Bangladesh,,,,,,,,,,,,,,
,,,162,Bhutan,,,,,,,,,,,,,,
,,,7,Democratic People's Republic of Korea,,,,,,,,,,,,,,
,,,163,India,,,,,,,,,,,,,,
,,,11,Indonesia,,,,,,,,,,,,,,
,,,14,Maldives,,,,,,,,,,,,,,
,,,15,Myanmar,,,,,,,,,,,,,,
,,,164,Nepal,,,,,,,,,,,,,,
,,,17,Sri Lanka,,,,,,,,,,,,,,
,,,18,Thailand,,,,,,,,,,,,,,
,,,19,Timor-Leste,,,,,,,,,,,,,,
,,,44568,Western Pacific Region,,,,,,,,,,,,,,
,,,71,Australia,,,,,,,,,,,,,,
,,,66,Brunei Darussalam,,,,,,,,,,,,,,
,,,10,Cambodia,,,,,,,,,,,,,,
,,,6,China,,,,,,,,,,,,,,
,,,320,Cook Islands,,,,,,,,,,,,,,
,,,22,Fiji,,,,,,,,,,,,,,
,,,67,Japan,,,,,,,,,,,,,,
,,,23,Kiribati,,,,,,,,,,,,,,
,,,12,Lao People's Democratic Republic,,,,,,,,,,,,,,
,,,13,Malaysia,,,,,,,,,,,,,,
,,,24,Marshall Islands,,,,,,,,,,,,,,
,,,25,Micronesia (Federated States of),,,,,,,,,,,,,,
,,,38,Mongolia,,,,,,,,,,,,,,
,,,369,Nauru,,,,,,,,,,,,,,
,,,72,New Zealand,,,,,,,,,,,,,,
,,,374,Niue,,,,,,,,,,,,,,
,,,380,Palau,,,,,,,,,,,,,,
,,,26,Papua New Guinea,,,,,,,,,,,,,,
,,,16,Philippines,,,,,,,,,,,,,,
,,,68,Republic of Korea,,,,,,,,,,,,,,
,,,27,Samoa,,,,,,,,,,,,,,
,,,69,Singapore,,,,,,,,,,,,,,
,,,28,Solomon Islands,,,,,,,,,,,,,,
,,,29,Tonga,,,,,,,,,,,,,,
,,,416,Tuvalu,,,,,,,,,,,,,,
,,,30,Vanuatu,,,,,,,,,,,,,,
,,,20,Viet Nam,,,,,,,,,,,,,,
,,,44591,World Bank Income Levels,,,,,,,,,,,,,,
,,,44575,World Bank High Income,,,,,,,,,,,,,,
,,,74,Andorra,,,,,,,,,,,,,,
,,,105,Antigua and Barbuda,,,,,,,,,,,,,,
,,,71,Australia,,,,,,,,,,,,,,
,,,75,Austria,,,,,,,,,,,,,,
,,,106,Bahamas,,,,,,,,,,,,,,
,,,140,Bahrain,,,,,,,,,,,,,,
,,,107,Barbados,,,,,,,,,,,,,,
,,,76,Belgium,,,,,,,,,,,,,,
,,,305,Bermuda,,,,,,,,,,,,,,
,,,66,Brunei Darussalam,,,,,,,,,,,,,,
,,,101,Canada,,,,,,,,,,,,,,
,,,98,Chile,,,,,,,,,,,,,,
,,,46,Croatia,,,,,,,,,,,,,,
,,,77,Cyprus,,,,,,,,,,,,,,
,,,47,Czechia,,,,,,,,,,,,,,
,,,78,Denmark,,,,,,,,,,,,,,
,,,58,Estonia,,,,,,,,,,,,,,
,,,79,Finland,,,,,,,,,,,,,,
,,,80,France,,,,,,,,,,,,,,
,,,81,Germany,,,,,,,,,,,,,,
,,,82,Greece,,,,,,,,,,,,,,
,,,349,Greenland,,,,,,,,,,,,,,
,,,351,Guam,,,,,,,,,,,,,,
,,,48,Hungary,,,,,,,,,,,,,,
,,,83,Iceland,,,,,,,,,,,,,,
,,,84,Ireland,,,,,,,,,,,,,,
,,,85,Israel,,,,,,,,,,,,,,
,,,86,Italy,,,,,,,,,,,,,,
,,,67,Japan,,,,,,,,,,,,,,
,,,145,Kuwait,,,,,,,,,,,,,,
,,,59,Latvia,,,,,,,,,,,,,,
,,,60,Lithuania,,,,,,,,,,,,,,
,,,87,Luxembourg,,,,,,,,,,,,,,
,,,88,Malta,,,,,,,,,,,,,,
,,,367,Monaco,,,,,,,,,,,,,,
,,,89,Netherlands,,,,,,,,,,,,,,
,,,72,New Zealand,,,,,,,,,,,,,,
,,,376,Northern Mariana Islands,,,,,,,,,,,,,,
,,,90,Norway,,,,,,,,,,,,,,
,,,150,Oman,,,,,,,,,,,,,,
,,,380,Palau,,,,,,,,,,,,,,
,,,132,Panama,,,,,,,,,,,,,,
,,,51,Poland,,,,,,,,,,,,,,
,,,91,Portugal,,,,,,,,,,,,,,
,,,385,Puerto Rico,,,,,,,,,,,,,,
,,,151,Qatar,,,,,,,,,,,,,,
,,,68,Republic of Korea,,,,,,,,,,,,,,
,,,393,Saint Kitts and Nevis,,,,,,,,,,,,,,
,,,396,San Marino,,,,,,,,,,,,,,
,,,152,Saudi Arabia,,,,,,,,,,,,,,
,,,186,Seychelles,,,,,,,,,,,,,,
,,,69,Singapore,,,,,,,,,,,,,,
,,,54,Slovakia,,,,,,,,,,,,,,
,,,55,Slovenia,,,,,,,,,,,,,,
,,,92,Spain,,,,,,,,,,,,,,
,,,93,Sweden,,,,,,,,,,,,,,
,,,94,Switzerland,,,,,,,,,,,,,,
,,,8,Taiwan (Province of China),,,,,,,,,,,,,,
,,,119,Trinidad and Tobago,,,,,,,,,,,,,,
,,,156,United Arab Emirates,,,,,,,,,,,,,,
,,,95,United Kingdom,,,,,,,,,,,,,,
,,,102,United States of America,,,,,,,,,,,,,,
,,,422,United States Virgin Islands,,,,,,,,,,,,,,
,,,99,Uruguay,,,,,,,,,,,,,,
,,,44578,World Bank Low Income,,,,,,,,,,,,,,
,,,160,Afghanistan,,,,,,,,,,,,,,
,,,200,Benin,,,,,,,,,,,,,,
,,,201,Burkina Faso,,,,,,,,,,,,,,
,,,175,Burundi,,,,,,,,,,,,,,
,,,169,Central African Republic,,,,,,,,,,,,,,
,,,204,Chad,,,,,,,,,,,,,,
,,,7,Democratic People's Republic of Korea,,,,,,,,,,,,,,
,,,171,Democratic Republic of the Congo,,,,,,,,,,,,,,
,,,178,Eritrea,,,,,,,,,,,,,,
,,,179,Ethiopia,,,,,,,,,,,,,,
,,,206,Gambia,,,,,,,,,,,,,,
,,,208,Guinea,,,,,,,,,,,,,,
,,,209,Guinea-Bissau,,,,,,,,,,,,,,
,,,114,Haiti,,,,,,,,,,,,,,
,,,210,Liberia,,,,,,,,,,,,,,
,,,181,Madagascar,,,,,,,,,,,,,,
,,,182,Malawi,,,,,,,,,,,,,,
,,,211,Mali,,,,,,,,,,,,,,
,,,184,Mozambique,,,,,,,,,,,,,,
,,,164,Nepal,,,,,,,,,,,,,,
,,,213,Niger,,,,,,,,,,,,,,
,,,185,Rwanda,,,,,,,,,,,,,,
,,,217,Sierra Leone,,,,,,,,,,,,,,
,,,187,Somalia,,,,,,,,,,,,,,
,,,435,South Sudan,,,,,,,,,,,,,,
,,,153,Syrian Arab Republic,,,,,,,,,,,,,,
,,,39,Tajikistan,,,,,,,,,,,,,,
,,,218,Togo,,,,,,,,,,,,,,
,,,190,Uganda,,,,,,,,,,,,,,
,,,189,United Republic of Tanzania,,,,,,,,,,,,,,
,,,157,Yemen,,,,,,,,,,,,,,
,,,44577,World Bank Lower Middle Income,,,,,,,,,,,,,,
,,,168,Angola,,,,,,,,,,,,,,
,,,161,Bangladesh,,,,,,,,,,,,,,
,,,162,Bhutan,,,,,,,,,,,,,,
,,,121,Bolivia (Plurinational State of),,,,,,,,,,,,,,
,,,203,Cabo Verde,,,,,,,,,,,,,,
,,,10,Cambodia,,,,,,,,,,,,,,
,,,202,Cameroon,,,,,,,,,,,,,,
,,,176,Comoros,,,,,,,,,,,,,,
,,,170,Congo,,,,,,,,,,,,,,
,,,205,C�te d'Ivoire,,,,,,,,,,,,,,
,,,177,Djibouti,,,,,,,,,,,,,,
,,,141,Egypt,,,,,,,,,,,,,,
,,,127,El Salvador,,,,,,,,,,,,,,
,,,197,Eswatini,,,,,,,,,,,,,,
,,,207,Ghana,,,,,,,,,,,,,,
,,,129,Honduras,,,,,,,,,,,,,,
,,,163,India,,,,,,,,,,,,,,
,,,11,Indonesia,,,,,,,,,,,,,,
,,,180,Kenya,,,,,,,,,,,,,,
,,,23,Kiribati,,,,,,,,,,,,,,
,,,37,Kyrgyzstan,,,,,,,,,,,,,,
,,,12,Lao People's Democratic Republic,,,,,,,,,,,,,,
,,,194,Lesotho,,,,,,,,,,,,,,
,,,212,Mauritania,,,,,,,,,,,,,,
,,,25,Micronesia (Federated States of),,,,,,,,,,,,,,
,,,38,Mongolia,,,,,,,,,,,,,,
,,,148,Morocco,,,,,,,,,,,,,,
,,,15,Myanmar,,,,,,,,,,,,,,
,,,131,Nicaragua,,,,,,,,,,,,,,
,,,214,Nigeria,,,,,,,,,,,,,,
,,,165,Pakistan,,,,,,,,,,,,,,
,,,149,Palestine,,,,,,,,,,,,,,
,,,26,Papua New Guinea,,,,,,,,,,,,,,
,,,16,Philippines,,,,,,,,,,,,,,
,,,61,Republic of Moldova,,,,,,,,,,,,,,
,,,215,Sao Tome and Principe,,,,,,,,,,,,,,
,,,216,Senegal,,,,,,,,,,,,,,
,,,28,Solomon Islands,,,,,,,,,,,,,,
,,,522,Sudan,,,,,,,,,,,,,,
,,,19,Timor-Leste,,,,,,,,,,,,,,
,,,154,Tunisia,,,,,,,,,,,,,,
,,,63,Ukraine,,,,,,,,,,,,,,
,,,41,Uzbekistan,,,,,,,,,,,,,,
,,,30,Vanuatu,,,,,,,,,,,,,,
,,,20,Viet Nam,,,,,,,,,,,,,,
,,,191,Zambia,,,,,,,,,,,,,,
,,,198,Zimbabwe,,,,,,,,,,,,,,
,,,44576,World Bank Upper Middle Income,,,,,,,,,,,,,,
,,,43,Albania,,,,,,,,,,,,,,
,,,139,Algeria,,,,,,,,,,,,,,
,,,298,American Samoa,,,,,,,,,,,,,,
,,,97,Argentina,,,,,,,,,,,,,,
,,,33,Armenia,,,,,,,,,,,,,,
,,,34,Azerbaijan,,,,,,,,,,,,,,
,,,57,Belarus,,,,,,,,,,,,,,
,,,108,Belize,,,,,,,,,,,,,,
,,,44,Bosnia and Herzegovina,,,,,,,,,,,,,,
,,,193,Botswana,,,,,,,,,,,,,,
,,,135,Brazil,,,,,,,,,,,,,,
,,,45,Bulgaria,,,,,,,,,,,,,,
,,,6,China,,,,,,,,,,,,,,
,,,125,Colombia,,,,,,,,,,,,,,
,,,126,Costa Rica,,,,,,,,,,,,,,
,,,109,Cuba,,,,,,,,,,,,,,
,,,110,Dominica,,,,,,,,,,,,,,
,,,111,Dominican Republic,,,,,,,,,,,,,,
,,,122,Ecuador,,,,,,,,,,,,,,
,,,172,Equatorial Guinea,,,,,,,,,,,,,,
,,,22,Fiji,,,,,,,,,,,,,,
,,,173,Gabon,,,,,,,,,,,,,,
,,,35,Georgia,,,,,,,,,,,,,,
,,,112,Grenada,,,,,,,,,,,,,,
,,,128,Guatemala,,,,,,,,,,,,,,
,,,113,Guyana,,,,,,,,,,,,,,
,,,142,Iran (Islamic Republic of),,,,,,,,,,,,,,
,,,143,Iraq,,,,,,,,,,,,,,
,,,115,Jamaica,,,,,,,,,,,,,,
,,,144,Jordan,,,,,,,,,,,,,,
,,,36,Kazakhstan,,,,,,,,,,,,,,
,,,146,Lebanon,,,,,,,,,,,,,,
,,,147,Libya,,,,,,,,,,,,,,
,,,13,Malaysia,,,,,,,,,,,,,,
,,,14,Maldives,,,,,,,,,,,,,,
,,,24,Marshall Islands,,,,,,,,,,,,,,
,,,183,Mauritius,,,,,,,,,,,,,,
,,,130,Mexico,,,,,,,,,,,,,,
,,,50,Montenegro,,,,,,,,,,,,,,
,,,195,Namibia,,,,,,,,,,,,,,
,,,369,Nauru,,,,,,,,,,,,,,
,,,49,North Macedonia,,,,,,,,,,,,,,
,,,136,Paraguay,,,,,,,,,,,,,,
,,,123,Peru,,,,,,,,,,,,,,
,,,52,Romania,,,,,,,,,,,,,,
,,,62,Russian Federation,,,,,,,,,,,,,,
,,,116,Saint Lucia,,,,,,,,,,,,,,
,,,117,Saint Vincent and the Grenadines,,,,,,,,,,,,,,
,,,27,Samoa,,,,,,,,,,,,,,
,,,53,Serbia,,,,,,,,,,,,,,
,,,196,South Africa,,,,,,,,,,,,,,
,,,17,Sri Lanka,,,,,,,,,,,,,,
,,,118,Suriname,,,,,,,,,,,,,,
,,,18,Thailand,,,,,,,,,,,,,,
,,,29,Tonga,,,,,,,,,,,,,,
,,,155,Turkey,,,,,,,,,,,,,,
,,,40,Turkmenistan,,,,,,,,,,,,,,
,,,416,Tuvalu,,,,,,,,,,,,,,
,,,133,Venezuela (Bolivarian Republic of),,,,,,,,,,,,,,
,,,478,World Bank Regions,,,,,,,,,,,,,,
,,,239,East Asia & Pacific - WB,,,,,,,,,,,,,,
,,,298,American Samoa,,,,,,,,,,,,,,
,,,71,Australia,,,,,,,,,,,,,,
,,,66,Brunei Darussalam,,,,,,,,,,,,,,
,,,10,Cambodia,,,,,,,,,,,,,,
,,,6,China,,,,,,,,,,,,,,
,,,7,Democratic People's Republic of Korea,,,,,,,,,,,,,,
,,,22,Fiji,,,,,,,,,,,,,,
,,,351,Guam,,,,,,,,,,,,,,
,,,11,Indonesia,,,,,,,,,,,,,,
,,,67,Japan,,,,,,,,,,,,,,
,,,23,Kiribati,,,,,,,,,,,,,,
,,,12,Lao People's Democratic Republic,,,,,,,,,,,,,,
,,,13,Malaysia,,,,,,,,,,,,,,
,,,24,Marshall Islands,,,,,,,,,,,,,,
,,,25,Micronesia (Federated States of),,,,,,,,,,,,,,
,,,38,Mongolia,,,,,,,,,,,,,,
,,,15,Myanmar,,,,,,,,,,,,,,
,,,369,Nauru,,,,,,,,,,,,,,
,,,72,New Zealand,,,,,,,,,,,,,,
,,,376,Northern Mariana Islands,,,,,,,,,,,,,,
,,,380,Palau,,,,,,,,,,,,,,
,,,26,Papua New Guinea,,,,,,,,,,,,,,
,,,16,Philippines,,,,,,,,,,,,,,
,,,68,Republic of Korea,,,,,,,,,,,,,,
,,,27,Samoa,,,,,,,,,,,,,,
,,,69,Singapore,,,,,,,,,,,,,,
,,,28,Solomon Islands,,,,,,,,,,,,,,
,,,8,Taiwan (Province of China),,,,,,,,,,,,,,
,,,18,Thailand,,,,,,,,,,,,,,
,,,19,Timor-Leste,,,,,,,,,,,,,,
,,,29,Tonga,,,,,,,,,,,,,,
,,,416,Tuvalu,,,,,,,,,,,,,,
,,,30,Vanuatu,,,,,,,,,,,,,,
,,,20,Viet Nam,,,,,,,,,,,,,,
,,,240,Europe & Central Asia - WB,,,,,,,,,,,,,,
,,,43,Albania,,,,,,,,,,,,,,
,,,74,Andorra,,,,,,,,,,,,,,
,,,33,Armenia,,,,,,,,,,,,,,
,,,75,Austria,,,,,,,,,,,,,,
,,,34,Azerbaijan,,,,,,,,,,,,,,
,,,57,Belarus,,,,,,,,,,,,,,
,,,76,Belgium,,,,,,,,,,,,,,
,,,44,Bosnia and Herzegovina,,,,,,,,,,,,,,
,,,45,Bulgaria,,,,,,,,,,,,,,
,,,46,Croatia,,,,,,,,,,,,,,
,,,77,Cyprus,,,,,,,,,,,,,,
,,,47,Czechia,,,,,,,,,,,,,,
,,,78,Denmark,,,,,,,,,,,,,,
,,,58,Estonia,,,,,,,,,,,,,,
,,,79,Finland,,,,,,,,,,,,,,
,,,80,France,,,,,,,,,,,,,,
,,,35,Georgia,,,,,,,,,,,,,,
,,,81,Germany,,,,,,,,,,,,,,
,,,82,Greece,,,,,,,,,,,,,,
,,,349,Greenland,,,,,,,,,,,,,,
,,,48,Hungary,,,,,,,,,,,,,,
,,,83,Iceland,,,,,,,,,,,,,,
,,,84,Ireland,,,,,,,,,,,,,,
,,,86,Italy,,,,,,,,,,,,,,
,,,36,Kazakhstan,,,,,,,,,,,,,,
,,,37,Kyrgyzstan,,,,,,,,,,,,,,
,,,59,Latvia,,,,,,,,,,,,,,
,,,60,Lithuania,,,,,,,,,,,,,,
,,,87,Luxembourg,,,,,,,,,,,,,,
,,,367,Monaco,,,,,,,,,,,,,,
,,,50,Montenegro,,,,,,,,,,,,,,
,,,89,Netherlands,,,,,,,,,,,,,,
,,,49,North Macedonia,,,,,,,,,,,,,,
,,,90,Norway,,,,,,,,,,,,,,
,,,51,Poland,,,,,,,,,,,,,,
,,,91,Portugal,,,,,,,,,,,,,,
,,,61,Republic of Moldova,,,,,,,,,,,,,,
,,,52,Romania,,,,,,,,,,,,,,
,,,62,Russian Federation,,,,,,,,,,,,,,
,,,396,San Marino,,,,,,,,,,,,,,
,,,53,Serbia,,,,,,,,,,,,,,
,,,54,Slovakia,,,,,,,,,,,,,,
,,,55,Slovenia,,,,,,,,,,,,,,
,,,92,Spain,,,,,,,,,,,,,,
,,,93,Sweden,,,,,,,,,,,,,,
,,,94,Switzerland,,,,,,,,,,,,,,
,,,39,Tajikistan,,,,,,,,,,,,,,
,,,155,Turkey,,,,,,,,,,,,,,
,,,40,Turkmenistan,,,,,,,,,,,,,,
,,,63,Ukraine,,,,,,,,,,,,,,
,,,95,United Kingdom,,,,,,,,,,,,,,
,,,41,Uzbekistan,,,,,,,,,,,,,,
,,,241,Latin America & Caribbean - WB,,,,,,,,,,,,,,
,,,105,Antigua and Barbuda,,,,,,,,,,,,,,
,,,97,Argentina,,,,,,,,,,,,,,
,,,106,Bahamas,,,,,,,,,,,,,,
,,,107,Barbados,,,,,,,,,,,,,,
,,,108,Belize,,,,,,,,,,,,,,
,,,121,Bolivia (Plurinational State of),,,,,,,,,,,,,,
,,,135,Brazil,,,,,,,,,,,,,,
,,,98,Chile,,,,,,,,,,,,,,
,,,125,Colombia,,,,,,,,,,,,,,
,,,126,Costa Rica,,,,,,,,,,,,,,
,,,109,Cuba,,,,,,,,,,,,,,
,,,110,Dominica,,,,,,,,,,,,,,
,,,111,Dominican Republic,,,,,,,,,,,,,,
,,,122,Ecuador,,,,,,,,,,,,,,
,,,127,El Salvador,,,,,,,,,,,,,,
,,,112,Grenada,,,,,,,,,,,,,,
,,,128,Guatemala,,,,,,,,,,,,,,
,,,113,Guyana,,,,,,,,,,,,,,
,,,114,Haiti,,,,,,,,,,,,,,
,,,129,Honduras,,,,,,,,,,,,,,
,,,115,Jamaica,,,,,,,,,,,,,,
,,,130,Mexico,,,,,,,,,,,,,,
,,,131,Nicaragua,,,,,,,,,,,,,,
,,,132,Panama,,,,,,,,,,,,,,
,,,136,Paraguay,,,,,,,,,,,,,,
,,,123,Peru,,,,,,,,,,,,,,
,,,385,Puerto Rico,,,,,,,,,,,,,,
,,,393,Saint Kitts and Nevis,,,,,,,,,,,,,,
,,,116,Saint Lucia,,,,,,,,,,,,,,
,,,117,Saint Vincent and the Grenadines,,,,,,,,,,,,,,
,,,118,Suriname,,,,,,,,,,,,,,
,,,119,Trinidad and Tobago,,,,,,,,,,,,,,
,,,422,United States Virgin Islands,,,,,,,,,,,,,,
,,,99,Uruguay,,,,,,,,,,,,,,
,,,133,Venezuela (Bolivarian Republic of),,,,,,,,,,,,,,
,,,243,Middle East & North Africa - WB,,,,,,,,,,,,,,
,,,139,Algeria,,,,,,,,,,,,,,
,,,140,Bahrain,,,,,,,,,,,,,,
,,,177,Djibouti,,,,,,,,,,,,,,
,,,141,Egypt,,,,,,,,,,,,,,
,,,142,Iran (Islamic Republic of),,,,,,,,,,,,,,
,,,143,Iraq,,,,,,,,,,,,,,
,,,85,Israel,,,,,,,,,,,,,,
,,,144,Jordan,,,,,,,,,,,,,,
,,,145,Kuwait,,,,,,,,,,,,,,
,,,146,Lebanon,,,,,,,,,,,,,,
,,,147,Libya,,,,,,,,,,,,,,
,,,88,Malta,,,,,,,,,,,,,,
,,,148,Morocco,,,,,,,,,,,,,,
,,,150,Oman,,,,,,,,,,,,,,
,,,149,Palestine,,,,,,,,,,,,,,
,,,151,Qatar,,,,,,,,,,,,,,
,,,152,Saudi Arabia,,,,,,,,,,,,,,
,,,153,Syrian Arab Republic,,,,,,,,,,,,,,
,,,154,Tunisia,,,,,,,,,,,,,,
,,,156,United Arab Emirates,,,,,,,,,,,,,,
,,,157,Yemen,,,,,,,,,,,,,,
,,,44638,North America,,,,,,,,,,,,,,
,,,305,Bermuda,,,,,,,,,,,,,,
,,,101,Canada,,,,,,,,,,,,,,
,,,102,United States of America,,,,,,,,,,,,,,
,,,244,South Asia - WB,,,,,,,,,,,,,,
,,,160,Afghanistan,,,,,,,,,,,,,,
,,,161,Bangladesh,,,,,,,,,,,,,,
,,,162,Bhutan,,,,,,,,,,,,,,
,,,163,India,,,,,,,,,,,,,,
,,,14,Maldives,,,,,,,,,,,,,,
,,,164,Nepal,,,,,,,,,,,,,,
,,,165,Pakistan,,,,,,,,,,,,,,
,,,17,Sri Lanka,,,,,,,,,,,,,,
,,,242,Sub-Saharan Africa - WB,,,,,,,,,,,,,,
,,,168,Angola,,,,,,,,,,,,,,
,,,200,Benin,,,,,,,,,,,,,,
,,,193,Botswana,,,,,,,,,,,,,,
,,,201,Burkina Faso,,,,,,,,,,,,,,
,,,175,Burundi,,,,,,,,,,,,,,
,,,203,Cabo Verde,,,,,,,,,,,,,,
,,,202,Cameroon,,,,,,,,,,,,,,
,,,169,Central African Republic,,,,,,,,,,,,,,
,,,204,Chad,,,,,,,,,,,,,,
,,,176,Comoros,,,,,,,,,,,,,,
,,,170,Congo,,,,,,,,,,,,,,
,,,205,C�te d'Ivoire,,,,,,,,,,,,,,
,,,171,Democratic Republic of the Congo,,,,,,,,,,,,,,
,,,172,Equatorial Guinea,,,,,,,,,,,,,,
,,,178,Eritrea,,,,,,,,,,,,,,
,,,197,Eswatini,,,,,,,,,,,,,,
,,,179,Ethiopia,,,,,,,,,,,,,,
,,,173,Gabon,,,,,,,,,,,,,,
,,,206,Gambia,,,,,,,,,,,,,,
,,,207,Ghana,,,,,,,,,,,,,,
,,,208,Guinea,,,,,,,,,,,,,,
,,,209,Guinea-Bissau,,,,,,,,,,,,,,
,,,180,Kenya,,,,,,,,,,,,,,
,,,194,Lesotho,,,,,,,,,,,,,,
,,,210,Liberia,,,,,,,,,,,,,,
,,,181,Madagascar,,,,,,,,,,,,,,
,,,182,Malawi,,,,,,,,,,,,,,
,,,211,Mali,,,,,,,,,,,,,,
,,,212,Mauritania,,,,,,,,,,,,,,
,,,183,Mauritius,,,,,,,,,,,,,,
,,,184,Mozambique,,,,,,,,,,,,,,
,,,195,Namibia,,,,,,,,,,,,,,
,,,213,Niger,,,,,,,,,,,,,,
,,,214,Nigeria,,,,,,,,,,,,,,
,,,185,Rwanda,,,,,,,,,,,,,,
,,,215,Sao Tome and Principe,,,,,,,,,,,,,,
,,,216,Senegal,,,,,,,,,,,,,,
,,,186,Seychelles,,,,,,,,,,,,,,
,,,217,Sierra Leone,,,,,,,,,,,,,,
,,,187,Somalia,,,,,,,,,,,,,,
,,,196,South Africa,,,,,,,,,,,,,,
,,,435,South Sudan,,,,,,,,,,,,,,
,,,522,Sudan,,,,,,,,,,,,,,
,,,218,Togo,,,,,,,,,,,,,,
,,,190,Uganda,,,,,,,,,,,,,,
,,,189,United Republic of Tanzania,,,,,,,,,,,,,,
,,,191,Zambia,,,,,,,,,,,,,,
,,,198,Zimbabwe,,,,,,,,,,,,,,
